student_id,event_timestamp,cgpa,dsa_score,system_design_score,dbms_score,oop_proficiency,cloud_devops_score,web_dev_score,problem_solving_score,aptitude_score,communication_score,teamwork_score,github_projects_count,internship_duration_months,certifications_count,hackathons_participated,mock_interview_score,curriculum_updated_year,domain_code,technical_skill_mean,soft_skill_mean,industry_exposure_score,practical_experience_score,curriculum_age_years
CSE_0001,2026-01-01 00:00:00+00:00,6.87,46,7,53,26,33,69,54.72,54,36.0,80,12,3,3,3,86,2023,3,39.0,56.906666666666666,51.0,48.0,3
CSE_0002,2026-01-01 00:00:00+00:00,9.75,11,21,75,39,19,24,92.2,67,58.0,24,15,11,1,0,29,2021,4,31.5,58.06666666666666,61.5,67.08333333333333,5
CSE_0003,2026-01-01 00:00:00+00:00,8.66,61,43,45,62,49,94,77.48,78,48.0,58,12,1,4,8,29,2024,0,59.0,61.160000000000004,62.5,60.91666666666667,2
CSE_0004,2026-01-01 00:00:00+00:00,7.99,79,57,46,60,87,21,67.84,87,48.0,71,14,9,4,2,37,2023,1,58.333333333333336,62.28,71.5,66.41666666666666,3
CSE_0005,2026-01-01 00:00:00+00:00,5.78,87,35,14,35,9,65,64.76,88,62.0,68,13,7,4,3,57,2022,1,40.833333333333336,64.92,67.0,62.0,4
CSE_0006,2026-01-01 00:00:00+00:00,5.78,82,68,18,97,31,44,66.08,0,66.0,4,7,2,2,4,93,2018,0,56.666666666666664,45.35999999999999,37.0,37.166666666666664,8
CSE_0007,2026-01-01 00:00:00+00:00,5.29,7,76,25,92,51,68,92.0,6,84.0,98,10,6,4,6,40,2018,3,53.166666666666664,91.33333333333333,66.0,63.33333333333333,8
CSE_0008,2026-01-01 00:00:00+00:00,9.33,94,92,51,23,14,90,60.36,56,48.0,18,1,6,1,5,93,2021,4,60.666666666666664,42.12,33.5,38.58333333333333,5
CSE_0009,2026-01-01 00:00:00+00:00,8.01,20,30,92,23,100,88,44.8,94,84.0,22,7,11,2,4,56,2021,4,58.833333333333336,50.26666666666667,59.5,63.41666666666666,5
CSE_0010,2026-01-01 00:00:00+00:00,8.54,80,46,21,3,83,71,39.12,11,48.0,8,3,8,4,7,35,2021,1,50.666666666666664,31.706666666666667,59.5,56.58333333333333,5
CSE_0011,2026-01-01 00:00:00+00:00,5.1,86,54,20,66,2,0,67.84,4,24.0,93,9,5,2,0,63,2018,3,38.0,61.61333333333334,38.5,35.583333333333336,8
CSE_0012,2026-01-01 00:00:00+00:00,9.85,100,79,50,33,36,83,40.72,49,64.0,49,9,0,1,6,97,2022,3,63.5,51.24,37.0,43.5,4
CSE_0013,2026-01-01 00:00:00+00:00,9.16,79,61,37,56,39,43,63.52,41,68.0,15,14,7,4,5,15,2021,3,52.5,48.84,74.0,71.83333333333333,5
CSE_0014,2026-01-01 00:00:00+00:00,6.06,69,29,19,48,71,86,94.04,11,94.0,32,0,0,0,4,87,2018,4,53.666666666666664,73.34666666666668,10.0,15.0,8
CSE_0015,2026-01-01 00:00:00+00:00,5.91,71,54,28,86,39,95,51.64,17,78.0,1,12,2,5,6,77,2021,3,62.166666666666664,43.54666666666666,64.0,56.333333333333336,5
CSE_0016,2026-01-01 00:00:00+00:00,5.92,24,15,50,52,55,74,34.4,65,94.0,13,4,10,1,2,89,2021,0,45.0,47.13333333333333,42.0,46.0,5
CSE_0017,2026-01-01 00:00:00+00:00,6.52,81,11,3,22,22,38,75.08,73,92.0,0,12,4,3,0,71,2023,2,29.5,55.69333333333333,46.0,39.666666666666664,3
CSE_0018,2026-01-01 00:00:00+00:00,7.62,88,16,54,68,10,53,53.48,78,68.0,89,0,7,3,8,13,2021,3,48.166666666666664,70.16,49.5,50.41666666666667,5
CSE_0019,2026-01-01 00:00:00+00:00,7.16,11,15,70,94,63,87,65.88,93,62.0,57,6,8,1,1,30,2018,2,56.666666666666664,61.626666666666665,38.5,41.08333333333333,8
CSE_0020,2026-01-01 00:00:00+00:00,6.46,14,11,91,52,7,74,71.48,16,64.0,88,7,6,3,2,65,2022,4,41.5,74.49333333333334,46.0,41.33333333333333,4
CSE_0021,2026-01-01 00:00:00+00:00,8.06,58,7,27,61,92,28,34.56,67,98.0,15,2,8,1,7,67,2018,3,45.5,49.18666666666667,45.5,54.25,8
CSE_0022,2026-01-01 00:00:00+00:00,5.7,25,83,3,40,93,53,55.4,70,82.0,78,2,10,0,8,64,2018,1,49.5,71.8,49.0,63.833333333333336,8
CSE_0023,2026-01-01 00:00:00+00:00,6.46,25,2,21,56,55,89,38.8,61,28.0,89,6,2,1,2,54,2021,4,41.333333333333336,51.93333333333334,26.0,27.333333333333332,5
CSE_0024,2026-01-01 00:00:00+00:00,6.83,46,15,75,59,59,15,83.84,40,82.0,46,3,12,4,5,83,2023,0,44.833333333333336,70.61333333333333,64.5,60.75,3
CSE_0025,2026-01-01 00:00:00+00:00,7.28,31,29,44,53,9,98,53.36,94,34.0,43,2,4,4,6,77,2020,0,44.0,43.45333333333334,45.0,38.83333333333333,6
CSE_0026,2026-01-01 00:00:00+00:00,8.93,9,22,66,69,38,19,88.56,33,56.0,79,14,9,2,0,39,2024,2,37.166666666666664,74.52,58.5,58.916666666666664,2
CSE_0027,2026-01-01 00:00:00+00:00,6.0,15,91,85,100,27,45,59.68,69,36.0,13,7,7,3,6,24,2020,2,60.5,36.22666666666667,58.5,59.25,6
CSE_0028,2026-01-01 00:00:00+00:00,7.57,70,4,65,56,48,66,86.0,44,76.0,92,2,11,5,3,24,2020,1,51.5,84.66666666666667,59.0,47.99999999999999,6
CSE_0029,2026-01-01 00:00:00+00:00,7.96,16,83,87,9,35,64,36.28,57,90.0,23,12,0,3,4,2,2018,1,49.0,49.76,46.0,43.0,8
CSE_0030,2026-01-01 00:00:00+00:00,5.23,22,64,33,39,12,57,79.4,50,44.0,54,13,7,1,7,68,2021,0,37.833333333333336,59.13333333333333,65.0,77.0,5
CSE_0031,2026-01-01 00:00:00+00:00,8.04,25,29,90,6,95,52,64.52,33,26.0,14,6,6,5,3,25,2024,3,49.5,34.839999999999996,54.5,42.75,2
CSE_0032,2026-01-01 00:00:00+00:00,5.85,84,20,54,37,35,0,72.16,43,44.0,82,1,0,5,3,39,2020,0,38.333333333333336,66.05333333333333,29.5,13.583333333333334,6
CSE_0033,2026-01-01 00:00:00+00:00,5.33,85,83,0,84,100,80,50.04,14,74.0,71,10,12,3,7,37,2019,0,72.0,65.01333333333334,79.5,84.58333333333333,7
CSE_0034,2026-01-01 00:00:00+00:00,9.74,6,69,71,60,25,65,81.16,77,46.0,33,10,12,5,4,37,2019,1,49.333333333333336,53.38666666666666,80.0,73.33333333333333,7
CSE_0035,2026-01-01 00:00:00+00:00,9.83,13,21,86,83,85,28,55.56,69,42.0,1,0,9,5,5,67,2019,2,52.666666666666664,32.85333333333333,55.0,45.0,7
CSE_0036,2026-01-01 00:00:00+00:00,9.04,78,81,37,2,3,83,73.56,49,34.0,26,11,11,4,4,6,2022,1,47.333333333333336,44.52,75.5,72.75,4
CSE_0037,2026-01-01 00:00:00+00:00,6.52,6,71,5,50,94,69,45.04,100,60.0,73,5,9,0,0,93,2021,1,49.166666666666664,59.346666666666664,32.5,37.916666666666664,5
CSE_0038,2026-01-01 00:00:00+00:00,5.49,8,31,85,85,81,7,56.28,31,42.0,98,7,11,1,6,29,2018,1,49.5,65.42666666666666,60.5,70.91666666666666,8
CSE_0039,2026-01-01 00:00:00+00:00,8.42,47,32,24,46,63,28,58.32,66,78.0,86,0,5,3,5,18,2018,0,40.0,74.10666666666667,37.0,33.333333333333336,8
CSE_0040,2026-01-01 00:00:00+00:00,7.2,71,15,81,67,37,50,32.04,2,26.0,71,12,0,4,1,34,2021,3,53.5,43.01333333333333,42.5,31.75,5
CSE_0041,2026-01-01 00:00:00+00:00,5.61,58,75,16,91,87,32,73.32,85,74.0,91,9,1,2,6,32,2023,0,59.833333333333336,79.44,43.5,46.41666666666667,3
CSE_0042,2026-01-01 00:00:00+00:00,7.48,86,37,60,75,86,2,49.32,85,40.0,22,11,4,5,5,32,2024,4,57.666666666666664,37.10666666666666,64.5,56.08333333333333,2
CSE_0043,2026-01-01 00:00:00+00:00,5.17,92,97,11,37,21,59,36.96,73,60.0,67,8,1,5,4,77,2023,1,52.833333333333336,54.653333333333336,48.5,36.583333333333336,3
CSE_0044,2026-01-01 00:00:00+00:00,9.55,81,13,5,35,1,34,76.16,50,42.0,13,14,9,3,7,37,2022,1,28.166666666666668,43.72,80.0,85.16666666666666,4
CSE_0045,2026-01-01 00:00:00+00:00,6.29,94,35,89,40,30,68,51.36,66,78.0,62,2,0,0,4,9,2021,4,59.333333333333336,63.78666666666667,14.0,19.666666666666668,5
CSE_0046,2026-01-01 00:00:00+00:00,8.31,93,96,26,68,10,90,58.04,75,96.0,92,2,5,0,1,56,2023,1,63.833333333333336,82.01333333333334,19.0,23.0,3
CSE_0047,2026-01-01 00:00:00+00:00,6.56,38,22,7,12,91,75,78.92,92,94.0,64,3,7,3,5,27,2024,1,40.833333333333336,78.97333333333334,48.0,46.16666666666667,2
CSE_0048,2026-01-01 00:00:00+00:00,7.6,98,65,82,86,45,83,63.96,47,66.0,67,10,7,3,0,77,2022,1,76.5,65.65333333333334,49.5,43.75,4
CSE_0049,2026-01-01 00:00:00+00:00,7.73,17,84,64,57,95,19,66.88,16,58.0,62,14,12,4,4,99,2020,4,56.0,62.29333333333333,84.0,82.66666666666666,6
CSE_0050,2026-01-01 00:00:00+00:00,5.92,58,1,56,49,61,72,86.52,6,86.0,95,0,12,3,5,37,2020,0,49.5,89.17333333333333,54.5,53.75,6
CSE_0051,2026-01-01 00:00:00+00:00,9.85,16,90,92,29,68,38,37.12,12,74.0,96,8,7,2,6,15,2022,1,55.5,69.04,56.5,61.583333333333336,4
CSE_0052,2026-01-01 00:00:00+00:00,8.88,13,72,98,61,63,3,49.48,65,34.0,89,10,10,4,1,20,2021,3,51.666666666666664,57.49333333333333,63.5,56.25,5
CSE_0053,2026-01-01 00:00:00+00:00,9.7,30,64,39,100,9,18,62.0,3,86.0,80,2,5,5,0,91,2020,4,43.333333333333336,76.0,36.5,19.25,6
CSE_0054,2026-01-01 00:00:00+00:00,9.47,23,74,13,24,39,90,52.0,9,54.0,86,12,10,5,5,96,2021,2,43.833333333333336,64.0,81.5,75.91666666666667,5
CSE_0055,2026-01-01 00:00:00+00:00,7.99,98,66,34,26,23,44,75.24,87,36.0,63,9,2,5,2,5,2023,4,48.5,58.080000000000005,48.0,34.33333333333333,3
CSE_0056,2026-01-01 00:00:00+00:00,9.61,59,51,47,50,98,42,80.84,16,42.0,31,15,0,5,4,40,2020,0,57.833333333333336,51.28,60.0,50.0,6
CSE_0057,2026-01-01 00:00:00+00:00,5.44,44,61,83,77,43,12,40.4,51,42.0,78,3,1,1,1,14,2024,4,53.333333333333336,53.46666666666667,15.0,13.666666666666666,2
CSE_0058,2026-01-01 00:00:00+00:00,5.98,97,22,55,56,59,12,68.04,5,62.0,12,0,4,2,0,2,2024,2,50.166666666666664,47.34666666666667,18.0,11.666666666666666,2
CSE_0059,2026-01-01 00:00:00+00:00,5.23,2,25,48,46,61,59,33.76,82,38.0,65,3,12,4,0,42,2023,3,40.166666666666664,45.586666666666666,52.0,42.0,3
CSE_0060,2026-01-01 00:00:00+00:00,6.63,36,67,12,99,86,56,76.8,68,30.0,18,12,9,4,3,46,2024,2,59.333333333333336,41.6,70.0,65.5,2
CSE_0061,2026-01-01 00:00:00+00:00,6.94,42,81,60,38,16,85,84.08,95,30.0,23,0,4,5,1,98,2021,4,53.666666666666664,45.69333333333333,32.5,15.416666666666666,5
CSE_0062,2026-01-01 00:00:00+00:00,6.36,39,54,48,15,64,91,53.36,73,66.0,87,4,9,0,0,13,2021,2,51.833333333333336,68.78666666666668,30.5,35.583333333333336,5
CSE_0063,2026-01-01 00:00:00+00:00,9.14,89,5,45,21,94,51,89.32,8,78.0,10,4,0,4,5,65,2024,4,50.833333333333336,59.10666666666666,36.5,28.083333333333336,2
CSE_0064,2026-01-01 00:00:00+00:00,6.78,54,34,61,84,94,52,50.4,90,46.0,58,13,0,2,3,28,2019,3,63.166666666666664,51.46666666666667,41.5,41.583333333333336,7
CSE_0065,2026-01-01 00:00:00+00:00,6.4,86,21,7,53,56,85,47.6,76,22.0,85,10,8,3,6,3,2022,3,51.333333333333336,51.53333333333333,67.0,69.16666666666666,4
CSE_0066,2026-01-01 00:00:00+00:00,7.71,38,42,42,20,54,42,74.68,82,30.0,14,6,1,2,5,25,2018,0,39.666666666666664,39.56,35.0,35.66666666666667,8
CSE_0067,2026-01-01 00:00:00+00:00,5.7,14,14,19,71,52,82,33.04,20,94.0,9,13,6,5,4,11,2022,3,42.0,45.346666666666664,71.0,62.833333333333336,4
CSE_0068,2026-01-01 00:00:00+00:00,9.01,3,85,96,15,55,71,63.72,23,60.0,40,7,9,5,1,1,2024,1,54.166666666666664,54.57333333333333,59.0,46.33333333333333,2
CSE_0069,2026-01-01 00:00:00+00:00,5.37,92,59,89,58,97,71,76.8,3,56.0,26,3,3,1,4,16,2021,2,77.66666666666667,52.93333333333334,27.5,30.75,5
CSE_0070,2026-01-01 00:00:00+00:00,9.93,85,100,38,30,8,41,70.96,23,24.0,59,6,6,4,8,34,2021,2,50.333333333333336,51.31999999999999,63.0,61.5,5
CSE_0071,2026-01-01 00:00:00+00:00,8.86,24,11,84,41,21,89,53.88,58,78.0,72,3,7,4,8,9,2022,4,45.0,67.96,59.5,57.41666666666667,4
CSE_0072,2026-01-01 00:00:00+00:00,5.99,12,48,48,73,12,25,56.8,98,62.0,51,2,4,4,1,85,2021,3,36.333333333333336,56.6,32.5,20.083333333333332,5
CSE_0073,2026-01-01 00:00:00+00:00,5.03,81,41,63,31,88,22,54.64,2,36.0,27,14,12,5,6,42,2023,0,54.333333333333336,39.21333333333333,93.0,90.16666666666666,3
CSE_0074,2026-01-01 00:00:00+00:00,9.08,32,37,61,58,47,42,60.12,67,28.0,64,5,11,4,3,20,2020,0,46.166666666666664,50.70666666666667,61.0,54.99999999999999,6
CSE_0075,2026-01-01 00:00:00+00:00,8.53,15,81,53,33,17,76,81.68,100,50.0,16,3,11,0,2,14,2021,0,45.833333333333336,49.22666666666667,38.5,46.58333333333333,5
CSE_0076,2026-01-01 00:00:00+00:00,8.65,41,44,8,8,75,27,39.36,39,86.0,94,13,0,0,0,34,2024,1,33.833333333333336,73.12,26.0,30.333333333333336,2
CSE_0077,2026-01-01 00:00:00+00:00,8.86,65,34,87,80,39,8,75.68,47,90.0,43,2,3,3,2,84,2024,3,52.166666666666664,69.56,28.5,20.916666666666668,2
CSE_0078,2026-01-01 00:00:00+00:00,5.37,54,29,36,10,16,19,78.12,53,68.0,9,14,9,4,8,84,2022,0,27.333333333333332,51.70666666666667,86.5,88.91666666666666,4
CSE_0079,2026-01-01 00:00:00+00:00,6.79,98,87,48,95,14,55,95.6,34,78.0,62,14,2,1,8,84,2022,1,66.16666666666667,78.53333333333333,57.0,68.5,4
CSE_0080,2026-01-01 00:00:00+00:00,5.58,41,29,40,9,14,82,65.88,94,30.0,100,8,9,3,6,59,2022,2,35.833333333333336,65.29333333333334,65.5,67.41666666666667,4
CSE_0081,2026-01-01 00:00:00+00:00,9.32,33,77,16,85,78,38,55.92,55,68.0,92,4,11,5,2,43,2024,4,54.5,71.97333333333334,60.5,48.916666666666664,2
CSE_0082,2026-01-01 00:00:00+00:00,8.12,29,5,87,16,62,50,64.2,88,74.0,81,12,4,4,2,95,2019,3,41.5,73.06666666666666,55.0,47.166666666666664,7
CSE_0083,2026-01-01 00:00:00+00:00,6.65,12,66,20,67,38,11,86.28,39,36.0,46,13,9,0,3,4,2024,3,35.666666666666664,56.093333333333334,56.0,67.83333333333334,2
CSE_0084,2026-01-01 00:00:00+00:00,5.32,12,79,50,47,12,78,79.08,76,90.0,37,6,12,1,6,72,2023,2,46.333333333333336,68.69333333333333,61.0,71.5,3
CSE_0085,2026-01-01 00:00:00+00:00,6.55,17,6,58,51,80,94,94.8,67,36.0,69,11,9,3,6,17,2024,3,51.0,66.60000000000001,71.5,74.41666666666666,2
CSE_0086,2026-01-01 00:00:00+00:00,6.63,31,51,38,24,31,54,35.12,45,46.0,75,13,12,1,1,20,2023,3,38.166666666666664,52.04,62.5,69.08333333333334,3
CSE_0087,2026-01-01 00:00:00+00:00,8.65,95,13,54,20,8,77,55.12,77,70.0,52,5,5,4,4,71,2024,3,44.5,59.04,48.5,41.25,2
CSE_0088,2026-01-01 00:00:00+00:00,8.19,98,72,40,100,39,10,48.48,12,72.0,77,9,1,2,6,97,2024,3,59.833333333333336,65.82666666666667,43.5,46.41666666666667,2
CSE_0089,2026-01-01 00:00:00+00:00,9.44,38,14,38,64,19,25,53.8,26,76.0,43,15,6,1,6,73,2019,1,33.0,57.6,64.0,75.0,7
CSE_0090,2026-01-01 00:00:00+00:00,7.36,45,20,12,62,89,41,38.72,5,28.0,73,14,12,1,5,50,2023,1,44.833333333333336,46.57333333333333,74.5,86.41666666666666,3
CSE_0091,2026-01-01 00:00:00+00:00,5.6,28,34,63,88,90,26,59.2,16,88.0,53,4,2,5,7,40,2019,4,54.833333333333336,66.73333333333333,50.5,41.41666666666667,7
CSE_0092,2026-01-01 00:00:00+00:00,8.57,61,65,10,50,84,10,55.28,35,62.0,19,6,0,0,2,23,2023,3,46.666666666666664,45.42666666666667,17.0,21.5,3
CSE_0093,2026-01-01 00:00:00+00:00,8.8,92,90,18,35,81,37,52.56,98,58.0,78,10,9,4,0,23,2019,2,58.833333333333336,62.85333333333333,58.5,49.58333333333333,7
CSE_0094,2026-01-01 00:00:00+00:00,7.81,61,1,10,80,76,97,85.48,80,98.0,30,5,2,1,2,95,2019,0,54.166666666666664,71.16000000000001,24.0,25.0,7
CSE_0095,2026-01-01 00:00:00+00:00,8.85,56,34,76,87,79,42,33.24,1,80.0,6,9,8,4,1,96,2023,4,62.333333333333336,39.74666666666667,56.5,48.08333333333333,3
CSE_0096,2026-01-01 00:00:00+00:00,7.47,15,81,45,65,72,18,43.44,76,30.0,57,1,9,0,1,37,2019,0,49.333333333333336,43.48,27.0,32.33333333333333,7
CSE_0097,2026-01-01 00:00:00+00:00,7.61,55,77,44,14,62,63,55.72,51,80.0,9,12,10,5,1,43,2024,0,52.5,48.24,71.5,60.91666666666667,2
CSE_0098,2026-01-01 00:00:00+00:00,7.14,9,19,0,95,75,5,74.64,65,28.0,9,12,10,4,4,56,2023,3,33.833333333333336,37.21333333333333,75.0,72.16666666666667,3
CSE_0099,2026-01-01 00:00:00+00:00,5.13,29,81,39,38,43,45,56.64,51,22.0,38,12,5,0,0,58,2019,2,45.833333333333336,38.88,36.5,42.583333333333336,7
CSE_0100,2026-01-01 00:00:00+00:00,5.54,24,9,18,69,37,41,72.96,91,52.0,27,2,10,0,3,33,2024,0,33.0,50.65333333333333,36.5,45.083333333333336,2
CSE_0101,2026-01-01 00:00:00+00:00,5.16,83,24,75,0,82,91,95.84,42,100.0,29,1,5,3,4,74,2024,0,59.166666666666664,74.94666666666667,36.5,31.916666666666668,2
CSE_0102,2026-01-01 00:00:00+00:00,8.18,4,65,71,22,59,64,42.76,89,34.0,36,11,3,5,1,94,2022,4,47.5,37.586666666666666,52.0,38.166666666666664,4
CSE_0103,2026-01-01 00:00:00+00:00,6.57,64,24,71,38,70,98,80.12,21,74.0,66,2,7,5,4,81,2018,2,60.833333333333336,73.37333333333333,51.5,40.083333333333336,8
CSE_0104,2026-01-01 00:00:00+00:00,7.54,93,53,60,56,98,71,52.68,54,34.0,42,0,4,4,3,22,2023,2,71.83333333333333,42.89333333333334,33.5,22.916666666666664,3
CSE_0105,2026-01-01 00:00:00+00:00,9.54,48,32,11,80,47,58,77.04,66,78.0,78,7,6,2,7,85,2019,0,46.0,77.68,54.5,60.08333333333333,7
CSE_0106,2026-01-01 00:00:00+00:00,6.25,2,35,60,33,17,51,73.32,98,60.0,84,15,8,3,0,42,2022,2,33.0,72.44,62.0,58.33333333333333,4
CSE_0107,2026-01-01 00:00:00+00:00,7.05,44,94,32,40,15,46,55.28,59,74.0,51,5,12,5,4,81,2018,4,45.166666666666664,60.093333333333334,70.0,61.666666666666664,8
CSE_0108,2026-01-01 00:00:00+00:00,8.78,13,13,44,92,54,6,76.52,57,36.0,100,15,12,0,0,39,2019,4,37.0,70.83999999999999,60.0,70.0,7
CSE_0109,2026-01-01 00:00:00+00:00,6.14,29,64,89,72,38,10,41.0,11,80.0,55,12,4,5,3,46,2018,4,50.333333333333336,58.666666666666664,61.5,50.916666666666664,8
CSE_0110,2026-01-01 00:00:00+00:00,5.38,67,79,91,12,67,60,58.76,87,100.0,75,1,10,2,7,40,2023,3,62.666666666666664,77.92,52.5,57.75,3
CSE_0111,2026-01-01 00:00:00+00:00,6.45,17,53,68,69,58,67,68.64,68,74.0,67,7,4,1,0,46,2024,0,55.333333333333336,69.88,28.0,28.0,2
CSE_0112,2026-01-01 00:00:00+00:00,5.81,61,51,7,5,88,24,37.0,83,60.0,8,5,3,1,1,19,2024,2,39.333333333333336,35.0,24.0,24.166666666666664,2
CSE_0113,2026-01-01 00:00:00+00:00,9.65,36,2,24,83,95,11,70.2,38,94.0,91,15,5,5,0,76,2018,4,41.833333333333336,85.06666666666666,62.5,49.583333333333336,8
CSE_0114,2026-01-01 00:00:00+00:00,9.04,24,98,90,51,61,25,81.28,12,22.0,22,6,1,5,6,64,2024,0,58.166666666666664,41.76,49.5,39.41666666666667,2
CSE_0115,2026-01-01 00:00:00+00:00,8.17,47,40,45,2,12,11,76.8,40,78.0,62,10,2,3,1,67,2020,0,26.166666666666668,72.26666666666667,39.5,32.916666666666664,6
CSE_0116,2026-01-01 00:00:00+00:00,9.36,64,5,86,80,80,42,34.92,56,92.0,60,0,0,5,0,23,2021,3,59.5,62.30666666666667,20.0,0.0,5
CSE_0117,2026-01-01 00:00:00+00:00,9.02,52,24,29,62,100,50,80.56,52,24.0,39,6,1,2,5,99,2024,2,52.833333333333336,47.85333333333333,35.0,35.66666666666667,2
CSE_0118,2026-01-01 00:00:00+00:00,5.93,78,12,46,48,5,36,34.2,11,56.0,43,2,1,5,5,35,2020,2,37.5,44.4,39.0,26.333333333333336,6
CSE_0119,2026-01-01 00:00:00+00:00,9.46,72,97,86,75,82,45,60.76,12,36.0,85,10,7,4,1,44,2023,4,76.16666666666667,60.586666666666666,56.0,47.5,3
CSE_0120,2026-01-01 00:00:00+00:00,7.7,14,7,48,46,76,52,54.08,73,66.0,23,11,7,2,0,1,2023,4,40.5,47.69333333333333,47.5,46.08333333333333,3
CSE_0121,2026-01-01 00:00:00+00:00,9.04,48,20,46,54,59,87,33.24,96,72.0,50,7,1,3,2,27,2018,0,52.333333333333336,51.74666666666667,33.5,26.75,8
CSE_0122,2026-01-01 00:00:00+00:00,9.48,87,97,83,63,89,79,94.0,56,44.0,57,5,12,4,4,25,2024,2,83.0,65.0,66.0,61.666666666666664,2
CSE_0123,2026-01-01 00:00:00+00:00,6.59,67,67,81,64,13,12,54.92,39,56.0,89,3,5,4,5,22,2024,2,50.666666666666664,66.64,47.0,40.333333333333336,2
CSE_0124,2026-01-01 00:00:00+00:00,5.55,11,24,17,80,94,88,58.64,79,42.0,93,10,4,1,2,78,2024,4,52.333333333333336,64.54666666666667,39.0,42.5,2
CSE_0125,2026-01-01 00:00:00+00:00,6.14,58,78,65,66,53,53,43.32,44,50.0,32,7,2,2,8,35,2022,1,62.166666666666664,41.77333333333333,47.0,52.166666666666664,4
CSE_0126,2026-01-01 00:00:00+00:00,7.14,36,67,67,89,3,56,92.68,34,32.0,15,8,4,4,4,90,2019,0,53.0,46.56,52.0,45.333333333333336,7
CSE_0127,2026-01-01 00:00:00+00:00,9.09,60,44,93,14,38,3,39.44,2,90.0,21,9,4,3,1,5,2021,2,42.0,50.14666666666667,42.5,36.416666666666664,5
CSE_0128,2026-01-01 00:00:00+00:00,9.3,100,59,32,99,71,74,51.88,4,20.0,56,1,4,1,5,34,2024,3,72.5,42.626666666666665,28.5,32.75,2
CSE_0129,2026-01-01 00:00:00+00:00,5.03,42,11,35,31,24,95,90.6,89,90.0,61,15,2,4,7,37,2019,3,39.666666666666664,80.53333333333333,68.5,67.08333333333334,7
CSE_0130,2026-01-01 00:00:00+00:00,7.55,69,31,81,95,76,48,37.16,10,66.0,81,14,2,2,5,34,2022,1,66.66666666666667,61.38666666666666,53.5,57.25,4
CSE_0131,2026-01-01 00:00:00+00:00,7.09,38,95,100,67,31,6,57.52,70,46.0,70,5,3,1,3,99,2023,4,56.166666666666664,57.84,29.0,31.666666666666664,3
CSE_0132,2026-01-01 00:00:00+00:00,6.11,55,91,18,17,58,10,84.6,55,78.0,89,4,6,2,5,73,2021,4,41.5,83.86666666666666,43.5,45.583333333333336,5
CSE_0133,2026-01-01 00:00:00+00:00,5.6,62,12,27,82,62,91,36.52,9,60.0,71,4,11,2,7,93,2020,4,56.0,55.84,61.0,67.66666666666666,6
CSE_0134,2026-01-01 00:00:00+00:00,6.69,45,30,39,42,37,53,80.88,33,60.0,69,9,11,2,7,52,2023,3,41.0,69.96,71.0,79.33333333333333,3
CSE_0135,2026-01-01 00:00:00+00:00,9.71,87,77,83,34,91,86,32.48,66,28.0,29,10,11,1,1,37,2023,4,76.33333333333333,29.826666666666664,54.0,59.16666666666666,3
CSE_0136,2026-01-01 00:00:00+00:00,6.62,10,19,96,77,52,44,83.76,71,52.0,22,2,1,4,7,92,2018,3,49.666666666666664,52.586666666666666,40.0,33.833333333333336,8
CSE_0137,2026-01-01 00:00:00+00:00,7.59,61,17,75,57,93,22,81.52,30,40.0,31,11,9,5,5,58,2022,1,54.166666666666664,50.839999999999996,77.0,70.66666666666666,4
CSE_0138,2026-01-01 00:00:00+00:00,8.52,76,92,14,32,66,27,49.72,74,22.0,85,7,3,0,1,42,2018,0,51.166666666666664,52.24,24.0,28.833333333333332,8
CSE_0139,2026-01-01 00:00:00+00:00,6.82,97,59,40,13,27,56,93.4,70,48.0,56,13,3,4,0,3,2018,2,48.666666666666664,65.8,49.5,39.083333333333336,8
CSE_0140,2026-01-01 00:00:00+00:00,9.86,24,62,38,33,2,25,49.84,65,28.0,8,7,0,1,5,4,2019,1,30.666666666666668,28.613333333333333,30.5,35.08333333333333,7
CSE_0141,2026-01-01 00:00:00+00:00,9.81,70,5,1,60,97,24,71.4,69,40.0,30,15,9,0,6,67,2023,3,42.833333333333336,47.13333333333333,67.5,83.75,3
CSE_0142,2026-01-01 00:00:00+00:00,6.26,51,31,62,3,79,53,71.68,40,28.0,70,11,7,0,4,99,2022,1,46.5,56.56,49.5,61.08333333333333,4
CSE_0143,2026-01-01 00:00:00+00:00,7.49,3,92,28,87,21,28,60.56,62,28.0,8,4,0,0,7,44,2018,2,43.166666666666664,32.18666666666667,25.5,35.583333333333336,8
CSE_0144,2026-01-01 00:00:00+00:00,6.5,58,42,73,58,95,82,34.92,31,36.0,12,7,7,5,8,79,2020,0,68.0,27.64,71.5,66.75,6
CSE_0145,2026-01-01 00:00:00+00:00,6.42,71,1,65,28,37,96,53.44,19,100.0,57,9,6,3,3,24,2021,2,49.666666666666664,70.14666666666666,52.5,49.75,5
CSE_0146,2026-01-01 00:00:00+00:00,5.18,19,59,50,82,71,35,36.0,56,20.0,2,14,8,1,6,77,2024,3,52.666666666666664,19.333333333333332,67.0,78.5,2
CSE_0147,2026-01-01 00:00:00+00:00,8.05,92,22,74,5,71,13,39.0,97,72.0,34,7,7,5,7,10,2022,2,46.166666666666664,48.333333333333336,69.0,63.0,4
CSE_0148,2026-01-01 00:00:00+00:00,7.51,62,82,76,96,61,77,49.04,49,32.0,96,2,4,5,5,28,2019,1,75.66666666666667,59.01333333333333,46.5,35.08333333333333,7
CSE_0149,2026-01-01 00:00:00+00:00,5.26,53,30,9,48,56,34,77.6,79,94.0,20,15,7,3,1,33,2022,4,38.333333333333336,63.86666666666667,62.0,59.16666666666667,4
CSE_0150,2026-01-01 00:00:00+00:00,6.39,73,4,13,39,5,29,79.56,24,28.0,63,1,10,0,6,85,2023,1,27.166666666666668,56.85333333333333,42.0,54.0,3
CSE_0151,2026-01-01 00:00:00+00:00,9.54,97,82,81,82,77,91,33.6,11,96.0,94,8,9,3,8,13,2019,3,85.0,74.53333333333333,70.5,74.91666666666667,7
CSE_0152,2026-01-01 00:00:00+00:00,6.2,56,33,50,64,31,16,49.12,70,68.0,51,1,11,3,4,23,2021,0,41.666666666666664,56.04,51.5,49.416666666666664,5
CSE_0153,2026-01-01 00:00:00+00:00,5.72,89,9,72,68,98,66,45.72,38,20.0,33,8,11,5,1,58,2020,2,67.0,32.906666666666666,66.0,54.5,6
CSE_0154,2026-01-01 00:00:00+00:00,7.45,40,88,38,26,9,79,89.88,16,92.0,95,3,2,1,3,38,2018,0,46.666666666666664,92.29333333333334,22.5,24.083333333333332,8
CSE_0155,2026-01-01 00:00:00+00:00,9.93,2,1,27,79,2,29,46.6,44,62.0,34,11,9,2,2,25,2022,3,23.333333333333332,47.53333333333333,57.5,59.416666666666664,4
CSE_0156,2026-01-01 00:00:00+00:00,6.21,5,10,2,5,58,92,77.72,10,42.0,14,12,6,3,3,42,2019,2,28.666666666666668,44.57333333333333,58.5,56.75,7
CSE_0157,2026-01-01 00:00:00+00:00,8.36,4,49,83,12,75,44,56.32,69,82.0,95,1,11,3,6,35,2021,1,44.5,77.77333333333333,56.5,56.916666666666664,5
CSE_0158,2026-01-01 00:00:00+00:00,8.81,4,30,69,63,48,78,58.24,22,94.0,5,9,3,0,7,38,2018,1,48.666666666666664,52.413333333333334,43.0,56.0,8
CSE_0159,2026-01-01 00:00:00+00:00,6.19,53,55,26,61,58,88,61.08,90,58.0,84,0,4,0,0,60,2024,3,56.833333333333336,67.69333333333333,10.0,11.666666666666666,2
CSE_0160,2026-01-01 00:00:00+00:00,8.64,46,78,1,98,30,50,41.12,69,46.0,96,3,8,5,7,15,2021,2,50.5,61.04,63.5,56.58333333333333,5
CSE_0161,2026-01-01 00:00:00+00:00,6.84,86,72,92,18,92,46,64.96,37,84.0,31,8,6,0,4,58,2020,1,67.66666666666667,59.98666666666666,41.0,51.16666666666667,6
CSE_0162,2026-01-01 00:00:00+00:00,8.16,48,86,37,75,68,52,78.12,1,74.0,51,11,3,4,6,95,2018,3,61.0,67.70666666666666,60.5,56.916666666666664,8
CSE_0163,2026-01-01 00:00:00+00:00,8.17,8,82,2,79,61,63,87.0,85,92.0,82,8,5,3,0,5,2018,3,49.166666666666664,87.0,40.5,33.25,8
CSE_0164,2026-01-01 00:00:00+00:00,7.68,98,8,15,42,51,37,67.52,83,76.0,96,3,9,0,1,97,2024,0,41.833333333333336,79.83999999999999,31.0,37.0,2
CSE_0165,2026-01-01 00:00:00+00:00,5.45,19,98,93,73,88,63,85.64,88,40.0,27,8,10,1,0,55,2018,1,72.33333333333333,50.879999999999995,45.0,47.833333333333336,8
CSE_0166,2026-01-01 00:00:00+00:00,9.18,60,20,39,88,40,86,71.32,78,94.0,94,14,6,4,4,7,2019,2,55.5,86.44,69.0,65.16666666666666,7
CSE_0167,2026-01-01 00:00:00+00:00,6.6,34,72,1,19,30,88,65.4,92,28.0,84,11,12,5,5,93,2018,1,40.666666666666664,59.13333333333333,84.5,79.41666666666666,8
CSE_0168,2026-01-01 00:00:00+00:00,5.93,49,27,80,94,84,6,86.4,71,42.0,97,5,9,2,8,26,2021,1,56.666666666666664,75.13333333333334,60.5,67.91666666666666,5
CSE_0169,2026-01-01 00:00:00+00:00,5.2,81,61,40,67,83,21,83.84,36,62.0,63,0,12,3,7,70,2019,1,58.833333333333336,69.61333333333333,59.5,61.25,7
CSE_0170,2026-01-01 00:00:00+00:00,7.95,61,6,11,43,21,80,36.64,48,66.0,78,9,8,3,6,26,2018,3,37.0,60.21333333333333,65.0,66.83333333333333,8
CSE_0171,2026-01-01 00:00:00+00:00,8.39,16,79,34,22,3,81,64.68,51,22.0,77,12,3,1,4,88,2021,4,39.166666666666664,54.56,45.5,51.75,5
CSE_0172,2026-01-01 00:00:00+00:00,5.08,87,15,64,1,12,40,46.68,32,82.0,18,13,9,2,2,45,2021,4,36.5,48.89333333333334,61.5,64.08333333333334,5
CSE_0173,2026-01-01 00:00:00+00:00,7.56,2,96,54,21,44,73,76.68,21,48.0,14,5,2,2,8,40,2022,0,48.333333333333336,46.22666666666667,43.0,47.5,4
CSE_0174,2026-01-01 00:00:00+00:00,6.13,31,3,44,56,41,9,38.68,4,52.0,5,8,7,5,4,78,2021,1,30.666666666666668,31.893333333333334,63.5,54.083333333333336,5
CSE_0175,2026-01-01 00:00:00+00:00,8.23,98,3,78,100,48,56,70.12,17,84.0,72,12,0,5,2,24,2024,4,63.833333333333336,75.37333333333333,49.0,35.5,2
CSE_0176,2026-01-01 00:00:00+00:00,5.87,12,39,89,71,19,6,86.56,37,50.0,100,1,8,4,2,85,2023,0,39.333333333333336,78.85333333333334,43.0,33.166666666666664,3
CSE_0177,2026-01-01 00:00:00+00:00,8.45,88,16,100,6,76,49,58.4,36,24.0,83,5,12,3,2,17,2020,3,55.833333333333336,55.13333333333333,57.0,54.166666666666664,6
CSE_0178,2026-01-01 00:00:00+00:00,6.93,72,100,84,77,80,90,59.76,93,34.0,97,1,0,0,5,11,2018,1,83.83333333333333,63.586666666666666,14.5,21.083333333333332,8
CSE_0179,2026-01-01 00:00:00+00:00,9.68,67,51,61,55,53,51,68.96,94,96.0,37,3,1,5,0,86,2024,2,56.333333333333336,67.32,28.5,9.916666666666666,2
CSE_0180,2026-01-01 00:00:00+00:00,5.69,13,92,48,66,35,32,38.04,63,26.0,25,15,12,1,3,50,2018,3,47.666666666666664,29.679999999999996,71.5,81.25,8
CSE_0181,2026-01-01 00:00:00+00:00,6.71,100,51,94,15,96,0,55.4,9,48.0,81,14,7,1,7,38,2018,0,59.333333333333336,61.46666666666667,67.0,79.33333333333333,8
CSE_0182,2026-01-01 00:00:00+00:00,5.57,97,35,24,82,0,52,68.48,78,60.0,91,15,8,1,2,88,2021,3,48.333333333333336,73.16000000000001,59.0,65.83333333333333,5
CSE_0183,2026-01-01 00:00:00+00:00,9.62,10,37,22,50,14,59,42.92,41,60.0,50,7,6,5,4,9,2021,2,32.0,50.973333333333336,59.0,48.83333333333333,5
CSE_0184,2026-01-01 00:00:00+00:00,9.39,55,49,23,81,76,33,95.08,47,20.0,72,12,2,5,1,93,2018,3,52.833333333333336,62.35999999999999,51.5,37.583333333333336,8
CSE_0185,2026-01-01 00:00:00+00:00,6.29,66,62,37,79,16,3,51.8,43,60.0,95,6,6,1,1,73,2023,0,43.833333333333336,68.93333333333334,33.5,35.25,3
CSE_0186,2026-01-01 00:00:00+00:00,8.3,91,100,27,71,23,16,36.0,81,50.0,52,10,5,5,6,97,2019,2,54.666666666666664,46.0,67.5,60.416666666666664,7
CSE_0187,2026-01-01 00:00:00+00:00,9.09,28,62,20,96,57,3,54.24,86,98.0,55,11,1,0,2,76,2019,2,44.333333333333336,69.08,29.5,36.08333333333333,7
CSE_0188,2026-01-01 00:00:00+00:00,7.78,8,61,53,11,71,42,76.2,96,32.0,58,12,2,0,4,53,2020,3,41.0,55.4,39.0,48.833333333333336,6
CSE_0189,2026-01-01 00:00:00+00:00,7.65,66,98,17,52,90,89,94.08,15,48.0,69,8,10,4,2,28,2022,2,68.66666666666667,70.36,62.0,55.333333333333336,4
CSE_0190,2026-01-01 00:00:00+00:00,6.21,24,6,35,74,22,3,34.88,53,54.0,77,6,12,3,5,40,2024,3,27.333333333333332,55.29333333333333,66.5,67.75,2
CSE_0191,2026-01-01 00:00:00+00:00,5.47,97,26,98,4,45,0,73.48,34,52.0,91,0,11,0,2,8,2020,1,45.0,72.16000000000001,32.5,39.58333333333333,6
CSE_0192,2026-01-01 00:00:00+00:00,9.49,75,91,44,26,71,70,90.24,97,74.0,57,1,12,4,7,62,2018,2,62.833333333333336,73.74666666666667,65.5,63.583333333333336,8
CSE_0193,2026-01-01 00:00:00+00:00,9.5,41,85,72,11,7,93,38.24,27,38.0,87,15,9,2,1,76,2024,3,51.5,54.413333333333334,63.0,65.0,2
CSE_0194,2026-01-01 00:00:00+00:00,8.17,8,13,52,16,58,49,61.36,1,38.0,12,5,9,3,2,36,2018,1,32.666666666666664,37.12,49.5,45.416666666666664,8
CSE_0195,2026-01-01 00:00:00+00:00,6.7,78,70,29,5,89,72,37.24,93,78.0,42,6,12,0,7,13,2018,2,57.166666666666664,52.413333333333334,59.5,75.25,8
CSE_0196,2026-01-01 00:00:00+00:00,6.75,39,100,59,96,58,60,86.44,12,60.0,75,2,11,2,7,100,2022,1,68.66666666666667,73.81333333333333,57.0,62.99999999999999,4
CSE_0197,2026-01-01 00:00:00+00:00,8.63,24,85,97,4,12,34,72.72,40,54.0,50,8,4,4,0,72,2021,2,42.666666666666664,58.906666666666666,42.0,30.333333333333336,5
CSE_0198,2026-01-01 00:00:00+00:00,9.49,4,4,31,56,38,7,89.08,79,34.0,18,12,9,0,7,71,2022,0,23.333333333333332,47.026666666666664,64.0,80.5,4
CSE_0199,2026-01-01 00:00:00+00:00,9.44,10,54,66,27,100,23,87.96,58,36.0,20,14,3,0,1,38,2020,0,46.666666666666664,47.98666666666666,38.0,45.166666666666664,6
CSE_0200,2026-01-01 00:00:00+00:00,8.9,58,1,66,77,27,82,54.32,68,20.0,90,6,1,5,6,39,2021,3,51.833333333333336,54.77333333333333,49.5,39.41666666666667,5
CSE_0201,2026-01-01 00:00:00+00:00,8.21,97,61,27,68,88,35,36.24,91,28.0,82,13,3,2,5,53,2021,4,62.666666666666664,48.74666666666667,54.0,57.833333333333336,5
CSE_0202,2026-01-01 00:00:00+00:00,5.42,87,90,43,58,60,49,42.56,52,64.0,23,5,11,0,1,2,2020,0,64.5,43.18666666666667,40.0,47.49999999999999,6
CSE_0203,2026-01-01 00:00:00+00:00,5.81,78,20,78,32,15,42,81.12,44,92.0,25,12,7,1,4,54,2021,4,44.166666666666664,66.04,55.5,63.41666666666667,5
CSE_0204,2026-01-01 00:00:00+00:00,9.49,37,78,40,61,1,26,76.08,19,42.0,44,5,4,5,6,32,2024,1,40.5,54.026666666666664,55.0,45.83333333333333,2
CSE_0205,2026-01-01 00:00:00+00:00,8.03,71,20,62,49,81,31,38.16,23,46.0,27,0,4,5,7,95,2019,1,52.333333333333336,37.053333333333335,47.5,37.916666666666664,7
CSE_0206,2026-01-01 00:00:00+00:00,5.05,4,9,22,18,16,77,71.48,60,30.0,81,12,12,0,2,70,2020,4,24.333333333333332,60.826666666666675,59.0,70.5,6
CSE_0207,2026-01-01 00:00:00+00:00,5.51,47,86,74,85,29,17,71.84,90,52.0,99,15,11,5,0,18,2020,3,56.333333333333336,74.28,77.5,67.08333333333333,6
CSE_0208,2026-01-01 00:00:00+00:00,8.32,89,57,47,68,12,27,41.84,93,22.0,28,4,11,3,6,33,2019,2,50.0,30.613333333333333,62.5,63.916666666666664,7
CSE_0209,2026-01-01 00:00:00+00:00,5.03,17,38,31,65,95,28,53.2,57,94.0,16,9,9,2,4,77,2022,4,45.666666666666664,54.4,58.5,62.25,4
CSE_0210,2026-01-01 00:00:00+00:00,5.8,69,4,56,93,92,15,66.28,26,74.0,67,2,2,3,4,49,2022,4,54.833333333333336,69.09333333333333,31.0,25.5,4
CSE_0211,2026-01-01 00:00:00+00:00,7.74,36,64,99,46,93,98,53.48,25,100.0,43,6,12,4,6,46,2022,4,72.66666666666667,65.49333333333333,73.0,71.5,4
CSE_0212,2026-01-01 00:00:00+00:00,8.46,59,12,32,38,81,46,61.12,6,90.0,60,9,7,3,0,45,2021,4,44.666666666666664,70.37333333333333,47.5,41.41666666666667,5
CSE_0213,2026-01-01 00:00:00+00:00,8.26,47,84,23,67,12,58,79.08,41,58.0,92,2,5,1,7,55,2019,4,48.5,76.36,38.0,45.5,7
CSE_0214,2026-01-01 00:00:00+00:00,6.12,76,89,38,32,42,30,38.12,46,62.0,67,4,1,5,4,56,2024,3,51.166666666666664,55.70666666666667,40.5,27.25,2
CSE_0215,2026-01-01 00:00:00+00:00,8.56,27,84,33,12,84,3,35.64,52,36.0,73,6,1,5,7,82,2020,0,40.5,48.21333333333333,52.0,43.16666666666667,6
CSE_0216,2026-01-01 00:00:00+00:00,6.19,68,52,55,83,93,36,90.24,58,56.0,24,13,8,1,4,50,2020,2,64.5,56.74666666666667,60.0,68.66666666666667,6
CSE_0217,2026-01-01 00:00:00+00:00,6.63,76,81,27,53,20,16,45.48,37,92.0,94,2,12,5,6,53,2020,0,45.5,77.16,69.0,62.166666666666664,6
CSE_0218,2026-01-01 00:00:00+00:00,8.73,80,100,36,6,54,38,92.12,68,24.0,66,12,6,3,2,89,2021,4,52.333333333333336,60.70666666666667,56.0,53.0,5
CSE_0219,2026-01-01 00:00:00+00:00,8.25,39,44,6,78,80,47,78.16,86,90.0,1,12,9,4,1,80,2021,0,49.0,56.38666666666666,65.0,58.0,5
CSE_0220,2026-01-01 00:00:00+00:00,9.25,44,31,67,86,39,45,49.96,91,48.0,88,9,8,0,5,27,2023,3,52.0,61.98666666666667,50.5,63.08333333333333,3
CSE_0221,2026-01-01 00:00:00+00:00,8.29,95,35,36,13,82,89,64.36,97,92.0,48,1,5,1,4,18,2024,1,58.333333333333336,68.12,28.5,31.916666666666668,2
CSE_0222,2026-01-01 00:00:00+00:00,7.84,61,80,55,86,14,47,63.44,52,96.0,69,5,4,3,8,26,2022,0,57.166666666666664,76.14666666666666,52.0,53.33333333333333,4
CSE_0223,2026-01-01 00:00:00+00:00,5.47,92,98,64,18,72,38,42.88,14,74.0,25,7,11,3,3,47,2023,2,63.666666666666664,47.29333333333333,61.0,59.66666666666666,3
CSE_0224,2026-01-01 00:00:00+00:00,6.84,57,59,64,53,51,3,55.48,95,74.0,71,3,0,3,2,18,2023,3,47.833333333333336,66.82666666666667,23.0,14.5,3
CSE_0225,2026-01-01 00:00:00+00:00,6.33,66,10,46,92,73,29,39.04,25,56.0,98,8,11,0,8,96,2021,1,52.666666666666664,64.34666666666666,63.5,80.75,5
CSE_0226,2026-01-01 00:00:00+00:00,6.22,55,62,19,19,94,29,65.2,47,86.0,26,11,5,2,7,50,2022,3,46.333333333333336,59.06666666666666,60.0,66.5,4
CSE_0227,2026-01-01 00:00:00+00:00,9.87,39,20,18,28,52,21,57.68,94,96.0,88,11,5,5,5,6,2022,4,29.666666666666668,80.56,67.0,59.0,4
CSE_0228,2026-01-01 00:00:00+00:00,6.97,97,51,28,23,86,74,74.88,18,82.0,17,14,2,5,0,28,2020,1,59.833333333333336,57.96,53.0,38.5,6
CSE_0229,2026-01-01 00:00:00+00:00,9.46,39,54,73,81,51,65,54.64,8,70.0,53,7,2,4,0,42,2021,2,60.5,59.21333333333333,35.0,22.166666666666664,5
CSE_0230,2026-01-01 00:00:00+00:00,8.16,90,25,59,62,29,11,58.6,63,68.0,0,6,2,2,5,68,2022,1,46.0,42.199999999999996,37.5,38.58333333333333,4
CSE_0231,2026-01-01 00:00:00+00:00,8.97,76,67,17,73,32,93,87.12,92,88.0,60,13,2,5,2,93,2023,2,59.666666666666664,78.37333333333333,56.0,43.66666666666667,3
CSE_0232,2026-01-01 00:00:00+00:00,7.51,32,33,91,56,56,35,85.24,53,64.0,2,6,6,4,2,57,2019,4,50.5,50.413333333333334,48.0,39.0,7
CSE_0233,2026-01-01 00:00:00+00:00,7.88,5,51,34,7,51,17,66.68,50,84.0,67,2,9,4,5,7,2019,2,27.5,72.56,55.0,49.66666666666667,7
CSE_0234,2026-01-01 00:00:00+00:00,7.46,87,81,42,89,8,89,74.76,38,60.0,40,13,10,3,2,41,2021,3,66.0,58.25333333333333,68.0,67.0,5
CSE_0235,2026-01-01 00:00:00+00:00,5.98,18,98,94,61,53,52,44.04,3,24.0,36,5,1,1,5,75,2020,0,62.666666666666664,34.68,29.0,33.33333333333333,6
CSE_0236,2026-01-01 00:00:00+00:00,8.61,79,92,90,28,0,70,66.68,2,50.0,50,12,9,3,4,41,2020,3,59.833333333333336,55.56,68.5,69.25,6
CSE_0237,2026-01-01 00:00:00+00:00,6.4,39,51,10,73,43,0,68.44,63,56.0,14,12,12,0,3,12,2022,3,36.0,46.14666666666667,61.5,74.25,4
CSE_0238,2026-01-01 00:00:00+00:00,5.12,91,28,48,16,98,57,48.28,28,32.0,7,4,9,5,7,25,2024,1,56.333333333333336,29.093333333333334,68.0,61.833333333333336,2
CSE_0239,2026-01-01 00:00:00+00:00,8.23,96,37,37,65,74,89,80.48,10,28.0,37,0,1,4,1,17,2021,4,66.33333333333333,48.49333333333334,21.0,6.666666666666666,5
CSE_0240,2026-01-01 00:00:00+00:00,5.89,58,41,63,5,97,86,64.84,96,62.0,82,10,2,1,6,41,2024,0,58.333333333333336,69.61333333333333,44.0,51.666666666666664,2
CSE_0241,2026-01-01 00:00:00+00:00,9.7,58,20,68,57,79,89,78.08,57,26.0,55,2,9,5,3,50,2019,2,61.833333333333336,53.026666666666664,54.0,42.16666666666667,7
CSE_0242,2026-01-01 00:00:00+00:00,9.77,47,41,7,68,8,5,54.4,74,44.0,46,12,11,4,1,83,2023,1,29.333333333333332,48.13333333333333,70.0,63.83333333333333,3
CSE_0243,2026-01-01 00:00:00+00:00,9.57,40,12,33,27,31,69,94.4,26,80.0,89,11,6,4,6,15,2022,4,35.333333333333336,87.8,68.0,65.66666666666666,4
CSE_0244,2026-01-01 00:00:00+00:00,6.85,12,63,47,61,14,43,83.56,96,98.0,9,0,2,3,0,100,2023,0,40.0,63.52,17.0,5.833333333333333,3
CSE_0245,2026-01-01 00:00:00+00:00,5.08,44,16,55,40,11,71,77.64,20,78.0,77,3,6,1,3,2,2024,3,39.5,77.54666666666667,32.5,35.75,2
CSE_0246,2026-01-01 00:00:00+00:00,9.64,88,8,75,68,96,23,50.52,38,100.0,48,9,8,1,8,90,2022,4,59.666666666666664,66.17333333333333,62.0,74.33333333333333,4
CSE_0247,2026-01-01 00:00:00+00:00,7.14,52,40,64,81,77,85,37.72,94,76.0,40,2,10,5,3,78,2018,4,66.5,51.24,56.5,45.083333333333336,8
CSE_0248,2026-01-01 00:00:00+00:00,9.83,41,0,30,89,56,18,49.64,45,44.0,82,10,9,4,2,97,2023,4,39.0,58.54666666666666,63.5,57.08333333333333,3
CSE_0249,2026-01-01 00:00:00+00:00,9.82,99,1,3,83,7,100,80.92,65,74.0,29,3,11,1,1,44,2021,3,48.833333333333336,61.30666666666667,40.0,42.83333333333333,5
CSE_0250,2026-01-01 00:00:00+00:00,9.27,62,59,49,40,71,17,79.2,90,76.0,4,8,10,1,2,21,2023,2,49.666666666666664,53.06666666666666,50.0,55.333333333333336,3
CSE_0251,2026-01-01 00:00:00+00:00,6.47,26,47,68,48,26,94,51.44,35,50.0,94,2,3,5,0,22,2023,1,51.5,65.14666666666666,31.5,13.416666666666668,3
CSE_0252,2026-01-01 00:00:00+00:00,6.93,37,28,29,90,61,100,66.36,74,22.0,70,11,6,3,7,58,2022,2,57.5,52.78666666666667,66.5,69.41666666666666,4
CSE_0253,2026-01-01 00:00:00+00:00,9.26,59,96,87,48,11,29,78.28,81,76.0,82,5,8,2,0,61,2019,0,55.0,78.76,38.0,35.0,7
CSE_0254,2026-01-01 00:00:00+00:00,6.58,6,9,58,75,64,41,37.88,64,22.0,30,5,7,0,2,67,2024,1,42.166666666666664,29.959999999999997,32.5,39.583333333333336,2
CSE_0255,2026-01-01 00:00:00+00:00,5.85,4,57,66,70,41,32,86.36,62,70.0,51,6,7,2,2,53,2018,0,45.0,69.12,42.5,41.91666666666667,8
CSE_0256,2026-01-01 00:00:00+00:00,7.78,44,59,74,2,61,73,75.76,98,34.0,87,8,8,1,1,56,2023,3,52.166666666666664,65.58666666666666,42.5,45.75,3
CSE_0257,2026-01-01 00:00:00+00:00,9.68,57,20,44,9,10,100,82.24,34,66.0,97,11,4,4,4,22,2024,2,40.0,81.74666666666667,58.0,52.33333333333333,2
CSE_0258,2026-01-01 00:00:00+00:00,8.48,30,27,3,97,42,11,86.28,30,60.0,22,6,4,0,2,59,2024,4,35.0,56.093333333333334,27.0,33.166666666666664,2
CSE_0259,2026-01-01 00:00:00+00:00,7.85,22,74,25,88,94,93,64.4,27,22.0,47,13,2,0,2,72,2019,1,66.0,44.46666666666667,36.0,43.66666666666667,7
CSE_0260,2026-01-01 00:00:00+00:00,5.49,41,33,26,34,16,26,58.6,0,50.0,39,0,4,4,7,87,2020,4,29.333333333333332,49.199999999999996,43.5,37.916666666666664,6
CSE_0261,2026-01-01 00:00:00+00:00,8.08,9,7,45,79,96,38,35.56,24,68.0,5,15,7,0,3,84,2018,0,45.666666666666664,36.18666666666667,55.0,66.66666666666667,8
CSE_0262,2026-01-01 00:00:00+00:00,9.95,31,58,63,1,31,8,86.28,42,88.0,37,14,11,4,3,54,2018,4,32.0,70.42666666666666,79.0,76.0,8
CSE_0263,2026-01-01 00:00:00+00:00,5.7,52,85,90,23,92,20,39.92,83,92.0,40,7,4,0,2,79,2024,4,60.333333333333336,57.30666666666667,29.0,35.5,2
CSE_0264,2026-01-01 00:00:00+00:00,7.59,29,71,50,73,84,75,79.36,66,58.0,99,4,3,5,0,62,2022,3,63.666666666666664,78.78666666666668,35.5,18.083333333333336,4
CSE_0265,2026-01-01 00:00:00+00:00,9.39,38,48,49,37,84,28,53.48,62,78.0,26,8,7,5,7,55,2023,3,47.333333333333336,52.49333333333333,71.0,65.33333333333334,3
CSE_0266,2026-01-01 00:00:00+00:00,8.7,30,78,5,21,39,32,77.76,50,46.0,74,9,6,2,0,54,2020,2,34.166666666666664,65.92,41.0,38.5,6
CSE_0267,2026-01-01 00:00:00+00:00,8.49,81,16,58,25,22,61,44.0,1,48.0,68,12,5,0,6,24,2022,0,43.833333333333336,53.333333333333336,51.5,65.08333333333334,4
CSE_0268,2026-01-01 00:00:00+00:00,8.51,99,59,14,42,55,14,60.92,81,36.0,56,14,4,3,4,25,2021,3,47.166666666666664,50.973333333333336,60.0,59.33333333333333,5
CSE_0269,2026-01-01 00:00:00+00:00,6.8,1,86,29,54,5,1,95.92,63,64.0,16,11,4,4,3,48,2019,3,29.333333333333332,58.64000000000001,55.5,48.58333333333333,7
CSE_0270,2026-01-01 00:00:00+00:00,6.47,77,87,41,38,85,51,70.48,73,46.0,70,4,12,0,3,62,2019,2,63.166666666666664,62.160000000000004,45.5,55.583333333333336,7
CSE_0271,2026-01-01 00:00:00+00:00,9.05,76,44,100,90,49,43,90.36,68,26.0,90,4,9,5,7,44,2022,1,67.0,68.78666666666668,68.0,61.833333333333336,4
CSE_0272,2026-01-01 00:00:00+00:00,9.05,92,82,36,28,36,53,34.68,8,74.0,46,14,1,5,5,72,2024,2,54.5,51.56,63.0,54.33333333333333,2
CSE_0273,2026-01-01 00:00:00+00:00,9.34,11,68,41,19,63,17,50.32,1,76.0,78,11,12,4,0,78,2019,4,36.5,68.10666666666667,68.0,60.666666666666664,7
CSE_0274,2026-01-01 00:00:00+00:00,9.57,38,31,100,90,53,2,93.48,33,48.0,12,11,3,3,7,38,2023,4,52.333333333333336,51.160000000000004,59.0,60.666666666666664,3
CSE_0275,2026-01-01 00:00:00+00:00,7.56,65,43,34,40,71,6,47.88,59,26.0,10,13,7,0,1,96,2019,3,43.166666666666664,27.959999999999997,46.0,54.5,7
CSE_0276,2026-01-01 00:00:00+00:00,7.51,95,64,86,53,48,42,56.76,60,54.0,89,1,7,0,5,64,2023,3,64.66666666666667,66.58666666666666,32.0,41.5,3
CSE_0277,2026-01-01 00:00:00+00:00,8.99,12,86,5,19,98,81,84.36,30,56.0,85,11,10,3,8,68,2021,2,50.166666666666664,75.12,79.0,84.83333333333333,5
CSE_0278,2026-01-01 00:00:00+00:00,8.25,45,100,67,18,10,37,95.36,9,74.0,91,10,0,3,0,55,2020,2,46.166666666666664,86.78666666666668,32.0,23.333333333333332,6
CSE_0279,2026-01-01 00:00:00+00:00,8.51,26,7,17,83,87,36,78.52,75,46.0,23,2,1,3,5,8,2018,0,42.666666666666664,49.173333333333325,31.0,26.333333333333336,8
CSE_0280,2026-01-01 00:00:00+00:00,8.98,16,76,72,98,48,57,61.16,35,74.0,92,9,4,5,7,69,2022,4,61.166666666666664,75.72,65.5,58.916666666666664,4
CSE_0281,2026-01-01 00:00:00+00:00,9.45,94,71,28,65,20,32,54.2,84,90.0,72,8,8,4,1,27,2022,2,51.666666666666664,72.06666666666666,54.5,45.75,4
CSE_0282,2026-01-01 00:00:00+00:00,6.69,97,86,76,29,65,58,63.2,48,38.0,3,6,9,3,4,44,2023,1,68.5,34.733333333333334,56.5,55.25,3
CSE_0283,2026-01-01 00:00:00+00:00,6.88,59,42,58,52,62,94,67.72,69,98.0,45,0,10,4,5,25,2021,0,61.166666666666664,70.24,53.5,47.91666666666667,5
CSE_0284,2026-01-01 00:00:00+00:00,5.47,63,0,46,33,82,10,56.36,48,50.0,17,2,11,2,4,27,2021,2,39.0,41.12,49.5,51.74999999999999,5
CSE_0285,2026-01-01 00:00:00+00:00,7.89,87,50,16,21,27,67,61.88,2,42.0,42,11,12,0,2,39,2024,3,44.666666666666664,48.626666666666665,57.0,68.16666666666666,2
CSE_0286,2026-01-01 00:00:00+00:00,5.18,34,23,95,66,16,81,43.24,73,54.0,79,1,10,0,3,14,2018,2,52.5,58.74666666666667,34.5,42.75,8
CSE_0287,2026-01-01 00:00:00+00:00,7.33,69,98,21,5,5,67,58.4,4,28.0,32,0,6,1,6,5,2020,3,44.166666666666664,39.46666666666667,34.0,40.0,6
CSE_0288,2026-01-01 00:00:00+00:00,7.71,82,23,67,78,18,97,68.92,89,30.0,92,8,9,2,3,26,2022,3,60.833333333333336,63.64000000000001,54.0,56.16666666666667,4
CSE_0289,2026-01-01 00:00:00+00:00,6.43,29,16,68,26,55,92,71.8,60,54.0,9,7,4,3,8,37,2023,4,47.666666666666664,44.93333333333334,56.0,58.0,3
CSE_0290,2026-01-01 00:00:00+00:00,7.95,70,4,36,9,27,87,61.8,84,80.0,72,14,0,3,1,67,2021,4,38.833333333333336,71.26666666666667,42.5,36.416666666666664,5
CSE_0291,2026-01-01 00:00:00+00:00,5.15,73,19,48,72,65,21,91.2,89,92.0,58,4,5,5,4,74,2022,2,49.666666666666664,80.39999999999999,50.5,38.91666666666667,4
CSE_0292,2026-01-01 00:00:00+00:00,5.19,95,20,12,96,37,65,35.44,25,74.0,30,10,11,2,7,84,2023,2,54.166666666666664,46.48,73.0,81.66666666666666,3
CSE_0293,2026-01-01 00:00:00+00:00,9.11,97,57,33,95,36,43,76.08,71,28.0,27,11,7,3,4,63,2019,1,60.166666666666664,43.69333333333333,61.5,61.08333333333333,7
CSE_0294,2026-01-01 00:00:00+00:00,6.8,62,30,85,47,67,5,81.12,4,74.0,59,1,6,1,7,29,2022,0,49.333333333333336,71.37333333333333,38.5,46.08333333333333,4
CSE_0295,2026-01-01 00:00:00+00:00,5.64,27,99,52,69,85,41,63.6,14,70.0,2,0,1,4,7,81,2020,0,62.166666666666664,45.199999999999996,36.0,29.166666666666668,6
CSE_0296,2026-01-01 00:00:00+00:00,7.61,59,10,86,58,89,24,86.4,15,84.0,54,6,11,0,8,98,2023,2,54.333333333333336,74.8,59.5,76.08333333333333,3
CSE_0297,2026-01-01 00:00:00+00:00,8.85,78,51,50,99,48,56,83.08,0,86.0,13,12,4,2,5,2,2020,4,63.666666666666664,60.69333333333333,54.5,58.416666666666664,6
CSE_0298,2026-01-01 00:00:00+00:00,6.08,93,14,2,58,42,84,44.12,15,90.0,57,10,10,0,3,61,2022,1,48.833333333333336,63.70666666666667,52.5,63.75,4
CSE_0299,2026-01-01 00:00:00+00:00,8.11,36,82,41,1,35,54,88.12,36,54.0,88,10,3,4,2,11,2019,0,41.5,76.70666666666666,48.5,39.58333333333333,7
CSE_0300,2026-01-01 00:00:00+00:00,5.43,92,6,97,28,57,15,37.16,2,76.0,14,14,8,2,4,90,2020,2,49.166666666666664,42.38666666666666,66.0,71.0,6
CSE_0301,2026-01-01 00:00:00+00:00,5.26,21,27,31,67,12,94,55.8,51,42.0,1,15,9,4,5,29,2021,4,42.0,32.93333333333333,81.0,80.0,5
CSE_0302,2026-01-01 00:00:00+00:00,7.66,67,50,50,64,51,13,83.96,46,100.0,23,1,0,3,2,84,2023,4,49.166666666666664,68.98666666666666,19.0,9.833333333333334,3
CSE_0303,2026-01-01 00:00:00+00:00,7.7,19,57,84,82,57,38,54.28,94,34.0,77,0,11,3,1,37,2022,4,56.166666666666664,55.093333333333334,42.0,35.83333333333333,4
CSE_0304,2026-01-01 00:00:00+00:00,8.19,95,4,45,25,31,27,67.92,12,20.0,63,1,5,3,6,84,2019,3,37.833333333333336,50.30666666666667,41.5,39.41666666666667,7
CSE_0305,2026-01-01 00:00:00+00:00,8.63,99,4,20,88,80,95,80.24,79,32.0,70,6,2,4,4,59,2021,4,64.33333333333333,60.74666666666667,43.0,34.83333333333333,5
CSE_0306,2026-01-01 00:00:00+00:00,9.88,67,93,43,9,99,91,83.64,54,82.0,99,6,10,4,8,37,2022,2,67.0,88.21333333333332,73.0,73.16666666666667,4
CSE_0307,2026-01-01 00:00:00+00:00,7.58,90,95,10,52,59,50,85.8,20,56.0,23,9,8,4,2,14,2024,1,59.333333333333336,54.93333333333334,59.0,51.83333333333333,2
CSE_0308,2026-01-01 00:00:00+00:00,6.61,63,7,67,78,82,48,93.4,65,56.0,26,5,4,0,7,17,2019,2,57.5,58.46666666666667,37.5,49.58333333333333,7
CSE_0309,2026-01-01 00:00:00+00:00,8.98,16,63,0,58,57,8,35.08,53,96.0,36,4,12,4,5,51,2021,4,33.666666666666664,55.69333333333333,66.5,63.083333333333336,5
CSE_0310,2026-01-01 00:00:00+00:00,6.35,11,9,91,21,98,57,63.32,26,94.0,93,2,5,3,3,28,2020,1,47.833333333333336,83.44,36.0,30.5,6
CSE_0311,2026-01-01 00:00:00+00:00,7.19,21,37,62,50,55,44,86.48,37,44.0,90,13,10,1,8,59,2022,0,44.833333333333336,73.49333333333334,75.0,89.5,4
CSE_0312,2026-01-01 00:00:00+00:00,5.39,16,95,23,47,27,21,58.92,89,36.0,38,11,8,4,4,20,2022,0,38.166666666666664,44.30666666666667,68.0,64.0,4
CSE_0313,2026-01-01 00:00:00+00:00,5.13,9,91,98,20,0,31,95.16,57,88.0,62,2,8,1,5,16,2020,2,41.5,81.72,40.5,46.75,6
CSE_0314,2026-01-01 00:00:00+00:00,9.81,64,80,12,21,41,68,93.28,61,92.0,78,10,7,3,8,17,2024,1,47.666666666666664,87.75999999999999,69.5,73.75,2
CSE_0315,2026-01-01 00:00:00+00:00,9.18,21,94,97,99,81,86,41.48,45,64.0,25,12,8,4,6,56,2018,2,79.66666666666667,43.49333333333333,75.0,73.83333333333333,8
CSE_0316,2026-01-01 00:00:00+00:00,8.48,89,7,10,97,47,68,78.28,88,70.0,64,11,3,0,4,36,2021,1,53.0,70.76,39.5,49.416666666666664,5
CSE_0317,2026-01-01 00:00:00+00:00,7.04,81,24,99,29,39,41,80.6,10,40.0,3,8,5,0,1,59,2020,1,52.166666666666664,41.199999999999996,31.0,37.0,6
CSE_0318,2026-01-01 00:00:00+00:00,5.87,49,72,50,24,96,52,87.16,71,84.0,28,3,4,1,3,37,2022,2,57.166666666666664,66.38666666666667,27.5,29.916666666666664,4
CSE_0319,2026-01-01 00:00:00+00:00,5.78,13,65,16,27,62,95,43.08,7,70.0,0,8,4,5,1,11,2021,1,46.333333333333336,37.693333333333335,48.5,34.083333333333336,5
CSE_0320,2026-01-01 00:00:00+00:00,6.25,63,78,98,64,75,58,73.64,96,60.0,49,15,3,0,2,74,2024,4,72.66666666666667,60.879999999999995,42.5,51.25,2
CSE_0321,2026-01-01 00:00:00+00:00,7.75,46,49,81,44,71,73,52.92,70,24.0,85,15,1,0,2,83,2021,1,60.666666666666664,53.973333333333336,37.5,45.416666666666664,5
CSE_0322,2026-01-01 00:00:00+00:00,8.57,28,66,85,67,87,38,39.16,63,94.0,10,3,11,0,3,72,2018,1,61.833333333333336,47.72,41.0,50.33333333333333,8
CSE_0323,2026-01-01 00:00:00+00:00,8.3,75,48,23,6,79,14,36.88,20,70.0,73,1,5,3,5,0,2022,2,40.833333333333336,59.96,39.0,35.66666666666667,4
CSE_0324,2026-01-01 00:00:00+00:00,6.4,35,35,18,48,3,70,82.76,71,36.0,58,14,8,0,2,57,2019,0,34.833333333333336,58.919999999999995,53.0,63.5,7
CSE_0325,2026-01-01 00:00:00+00:00,9.77,98,67,36,8,37,28,87.84,62,68.0,61,3,11,2,0,2,2018,3,45.666666666666664,72.28,41.5,39.08333333333333,8
CSE_0326,2026-01-01 00:00:00+00:00,8.69,51,77,84,35,26,2,74.96,84,74.0,80,5,0,4,0,62,2018,1,45.833333333333336,76.32,26.0,11.666666666666666,8
CSE_0327,2026-01-01 00:00:00+00:00,7.77,75,40,7,82,8,82,75.76,63,62.0,35,5,6,0,8,20,2019,3,49.0,57.586666666666666,45.0,59.166666666666664,7
CSE_0328,2026-01-01 00:00:00+00:00,8.06,6,88,27,0,15,9,51.16,19,78.0,55,4,5,5,8,22,2019,1,24.166666666666668,61.38666666666666,60.5,53.91666666666667,7
CSE_0329,2026-01-01 00:00:00+00:00,7.1,28,61,4,9,55,91,95.32,7,66.0,89,14,2,5,4,8,2024,2,41.333333333333336,83.44,63.0,53.5,2
CSE_0330,2026-01-01 00:00:00+00:00,6.24,10,9,16,35,75,28,73.68,57,96.0,20,14,0,0,8,82,2024,2,28.833333333333332,63.22666666666667,48.0,62.666666666666664,2
CSE_0331,2026-01-01 00:00:00+00:00,6.78,32,20,100,72,30,78,35.32,45,24.0,12,0,12,0,6,54,2018,1,55.333333333333336,23.77333333333333,45.0,57.5,8
CSE_0332,2026-01-01 00:00:00+00:00,8.79,5,35,35,45,87,34,79.12,30,28.0,8,2,3,2,8,18,2021,2,40.166666666666664,38.373333333333335,39.5,43.41666666666667,5
CSE_0333,2026-01-01 00:00:00+00:00,5.07,78,11,18,31,13,5,54.56,92,34.0,10,4,8,0,6,61,2020,2,26.0,32.85333333333333,43.0,55.166666666666664,6
CSE_0334,2026-01-01 00:00:00+00:00,5.58,31,90,63,31,24,11,56.72,8,76.0,74,5,1,0,8,86,2020,1,41.666666666666664,68.90666666666667,32.5,44.58333333333333,6
CSE_0335,2026-01-01 00:00:00+00:00,5.23,50,1,90,5,33,37,46.24,14,72.0,69,13,2,4,1,90,2018,0,36.0,62.413333333333334,49.5,39.91666666666667,8
CSE_0336,2026-01-01 00:00:00+00:00,5.2,74,12,97,47,66,76,64.6,93,92.0,0,15,1,5,7,90,2021,1,62.0,52.199999999999996,70.0,64.16666666666666,5
CSE_0337,2026-01-01 00:00:00+00:00,9.28,57,52,10,37,23,92,57.84,25,78.0,69,0,1,2,6,38,2019,0,45.166666666666664,68.28,25.5,25.416666666666668,7
CSE_0338,2026-01-01 00:00:00+00:00,8.52,86,31,53,16,72,18,49.68,9,60.0,76,13,9,5,5,99,2023,2,46.0,61.89333333333334,81.0,75.33333333333334,3
CSE_0339,2026-01-01 00:00:00+00:00,7.37,25,94,44,73,25,66,75.68,28,100.0,85,13,10,2,4,75,2018,0,54.5,86.89333333333333,69.0,74.5,8
CSE_0340,2026-01-01 00:00:00+00:00,5.49,97,15,46,26,19,7,52.88,79,42.0,55,8,10,5,3,26,2022,2,35.0,49.96,68.5,59.083333333333336,4
CSE_0341,2026-01-01 00:00:00+00:00,7.46,45,31,11,53,63,7,37.68,35,86.0,30,13,7,0,6,45,2021,0,35.0,51.22666666666667,58.5,73.25,5
CSE_0342,2026-01-01 00:00:00+00:00,7.37,97,31,20,49,9,83,39.64,83,54.0,85,2,2,5,2,33,2022,0,48.166666666666664,59.54666666666666,34.0,18.0,4
CSE_0343,2026-01-01 00:00:00+00:00,5.87,28,97,10,34,82,46,88.4,36,72.0,36,9,6,5,7,32,2022,1,49.5,65.46666666666667,70.5,64.75,4
CSE_0344,2026-01-01 00:00:00+00:00,7.17,3,10,91,84,66,3,47.08,85,78.0,46,12,7,2,1,91,2018,0,42.833333333333336,57.026666666666664,52.0,52.16666666666667,8
CSE_0345,2026-01-01 00:00:00+00:00,6.99,80,9,4,24,23,50,55.2,70,70.0,90,2,2,1,0,94,2021,2,31.666666666666668,71.73333333333333,13.0,10.5,5
CSE_0346,2026-01-01 00:00:00+00:00,8.08,98,14,80,27,4,84,53.36,22,32.0,77,10,1,2,1,95,2022,1,51.166666666666664,54.120000000000005,33.0,30.0,4
CSE_0347,2026-01-01 00:00:00+00:00,8.18,12,16,55,14,66,66,84.64,40,56.0,46,1,12,2,8,49,2024,0,38.166666666666664,62.21333333333333,60.0,67.33333333333334,2
CSE_0348,2026-01-01 00:00:00+00:00,5.23,38,39,19,3,57,44,73.28,92,64.0,68,7,12,2,4,19,2024,1,33.333333333333336,68.42666666666666,62.0,66.33333333333333,2
CSE_0349,2026-01-01 00:00:00+00:00,6.87,14,17,40,92,26,7,83.76,79,88.0,57,14,7,3,7,39,2021,3,32.666666666666664,76.25333333333333,75.0,79.33333333333333,5
CSE_0350,2026-01-01 00:00:00+00:00,8.13,28,54,45,72,79,86,88.4,27,56.0,35,12,2,3,2,98,2020,1,60.666666666666664,59.800000000000004,46.0,41.333333333333336,6
CSE_0351,2026-01-01 00:00:00+00:00,7.52,28,72,11,26,14,15,35.68,47,94.0,31,15,6,3,6,94,2023,3,27.666666666666668,53.56,72.0,75.0,3
CSE_0352,2026-01-01 00:00:00+00:00,9.28,74,24,69,25,34,76,53.12,37,56.0,97,15,11,2,1,57,2022,3,50.333333333333336,68.70666666666666,68.0,70.83333333333333,4
CSE_0353,2026-01-01 00:00:00+00:00,8.29,31,58,16,18,75,66,79.08,30,64.0,63,2,0,1,7,30,2022,1,44.0,68.69333333333333,25.5,30.916666666666668,4
CSE_0354,2026-01-01 00:00:00+00:00,5.81,1,77,18,91,52,8,48.16,13,84.0,70,5,11,2,6,37,2021,2,41.166666666666664,67.38666666666667,60.5,66.25,5
CSE_0355,2026-01-01 00:00:00+00:00,5.35,46,88,25,16,43,59,65.56,96,66.0,41,15,5,0,4,85,2024,2,46.166666666666664,57.52,52.5,64.58333333333334,2
CSE_0356,2026-01-01 00:00:00+00:00,8.21,77,21,47,42,25,77,78.88,72,96.0,47,1,11,1,3,44,2023,2,48.166666666666664,73.96,41.0,45.666666666666664,3
CSE_0357,2026-01-01 00:00:00+00:00,5.13,83,29,51,40,46,76,67.52,90,72.0,73,6,11,3,0,40,2020,4,54.166666666666664,70.83999999999999,51.5,46.08333333333333,6
CSE_0358,2026-01-01 00:00:00+00:00,7.93,21,83,95,41,33,70,83.6,87,62.0,80,12,12,5,4,8,2022,3,57.166666666666664,75.2,84.0,78.0,4
CSE_0359,2026-01-01 00:00:00+00:00,9.7,74,84,69,49,86,14,48.84,76,22.0,29,3,8,5,8,8,2018,1,62.666666666666664,33.28,66.0,60.33333333333333,8
CSE_0360,2026-01-01 00:00:00+00:00,7.88,26,43,54,83,94,70,50.84,89,54.0,20,8,11,4,3,62,2024,2,61.666666666666664,41.61333333333334,67.0,62.0,2
CSE_0361,2026-01-01 00:00:00+00:00,6.94,66,31,99,39,49,97,67.68,28,44.0,59,13,2,1,8,78,2021,2,63.5,56.89333333333334,55.0,66.16666666666667,5
CSE_0362,2026-01-01 00:00:00+00:00,8.22,80,50,74,38,83,40,53.84,50,80.0,12,9,6,3,1,76,2021,1,60.833333333333336,48.61333333333334,47.5,42.25,5
CSE_0363,2026-01-01 00:00:00+00:00,7.29,55,45,32,22,11,21,57.2,48,36.0,0,8,12,1,3,21,2024,3,31.0,31.066666666666666,57.5,64.91666666666667,2
CSE_0364,2026-01-01 00:00:00+00:00,7.73,91,20,61,95,86,23,93.96,42,36.0,64,6,5,1,8,15,2022,1,62.666666666666664,64.65333333333332,48.5,58.583333333333336,4
CSE_0365,2026-01-01 00:00:00+00:00,9.71,92,98,87,51,3,100,93.04,91,36.0,32,14,7,5,3,31,2020,4,71.83333333333333,53.68000000000001,73.0,64.33333333333333,6
CSE_0366,2026-01-01 00:00:00+00:00,6.93,20,31,22,46,86,43,73.48,91,30.0,37,11,2,2,4,65,2022,4,41.333333333333336,46.826666666666675,45.0,46.5,4
CSE_0367,2026-01-01 00:00:00+00:00,9.81,46,93,14,62,47,0,63.08,71,44.0,24,7,2,0,7,89,2024,1,43.666666666666664,43.69333333333333,36.5,48.416666666666664,2
CSE_0368,2026-01-01 00:00:00+00:00,9.53,79,38,26,96,54,9,46.52,86,90.0,25,2,3,4,0,13,2019,3,50.333333333333336,53.84,27.5,13.416666666666668,7
CSE_0369,2026-01-01 00:00:00+00:00,5.98,100,11,74,68,0,79,36.72,92,82.0,76,10,2,3,0,37,2022,2,55.333333333333336,64.90666666666667,37.0,29.166666666666664,4
CSE_0370,2026-01-01 00:00:00+00:00,5.35,58,46,63,42,88,71,82.44,4,78.0,58,4,8,1,8,97,2023,4,61.333333333333336,72.81333333333333,52.0,62.666666666666664,3
CSE_0371,2026-01-01 00:00:00+00:00,5.5,83,17,80,47,65,55,53.8,41,84.0,91,1,10,4,8,7,2024,4,57.833333333333336,76.26666666666667,63.0,61.5,2
CSE_0372,2026-01-01 00:00:00+00:00,5.09,5,20,50,33,29,88,79.68,6,42.0,32,9,3,1,3,99,2023,3,37.5,51.22666666666667,37.0,41.0,3
CSE_0373,2026-01-01 00:00:00+00:00,5.47,18,12,52,39,2,49,52.84,41,90.0,100,15,5,5,1,20,2024,4,28.666666666666668,80.94666666666667,65.0,53.333333333333336,2
CSE_0374,2026-01-01 00:00:00+00:00,8.42,56,20,77,74,20,11,57.32,35,30.0,40,6,7,0,8,55,2019,4,43.0,42.44,49.5,64.41666666666667,7
CSE_0375,2026-01-01 00:00:00+00:00,5.36,68,7,90,60,88,88,70.48,26,46.0,29,12,10,5,3,45,2023,3,66.83333333333333,48.49333333333334,76.5,68.41666666666667,3
CSE_0376,2026-01-01 00:00:00+00:00,6.59,2,45,81,49,83,80,70.28,57,66.0,56,7,12,4,5,42,2023,1,56.666666666666664,64.09333333333333,72.5,70.08333333333333,3
CSE_0377,2026-01-01 00:00:00+00:00,9.22,0,6,91,66,48,59,67.28,45,28.0,48,8,7,3,0,91,2018,2,45.0,47.76,45.5,39.083333333333336,8
CSE_0378,2026-01-01 00:00:00+00:00,5.12,57,22,50,61,85,25,63.16,65,78.0,47,10,4,1,8,45,2021,2,50.0,62.72,54.0,65.0,5
CSE_0379,2026-01-01 00:00:00+00:00,9.07,37,95,46,57,84,77,66.8,24,50.0,71,10,4,0,4,47,2023,4,66.0,62.6,40.0,50.0,3
CSE_0380,2026-01-01 00:00:00+00:00,6.41,14,74,3,32,61,40,52.6,72,82.0,48,6,5,5,2,69,2021,2,37.333333333333336,60.86666666666667,49.5,36.083333333333336,5
CSE_0381,2026-01-01 00:00:00+00:00,5.59,33,85,6,74,96,35,69.48,26,60.0,46,9,9,4,3,83,2024,1,54.833333333333336,58.49333333333334,64.0,58.5,2
CSE_0382,2026-01-01 00:00:00+00:00,8.48,60,21,34,15,37,22,88.8,0,34.0,55,14,6,5,0,30,2020,4,31.5,59.26666666666667,63.0,50.166666666666664,6
CSE_0383,2026-01-01 00:00:00+00:00,8.14,34,88,47,81,14,42,66.6,86,78.0,64,15,12,1,8,32,2022,2,51.0,69.53333333333333,84.0,100.0,4
CSE_0384,2026-01-01 00:00:00+00:00,9.39,63,21,72,93,51,5,36.2,73,40.0,11,9,12,1,7,43,2018,0,50.833333333333336,29.066666666666666,69.5,82.25,8
CSE_0385,2026-01-01 00:00:00+00:00,8.68,24,91,71,47,78,68,76.32,41,60.0,68,12,9,3,3,70,2024,0,63.166666666666664,68.10666666666667,66.0,65.5,2
CSE_0386,2026-01-01 00:00:00+00:00,9.02,23,28,44,9,45,42,40.52,51,26.0,87,7,6,0,1,7,2019,0,31.833333333333332,51.17333333333334,31.5,37.58333333333333,7
CSE_0387,2026-01-01 00:00:00+00:00,6.41,11,12,80,81,24,24,77.76,24,70.0,5,11,12,2,8,72,2020,0,38.666666666666664,50.919999999999995,80.0,90.66666666666666,6
CSE_0388,2026-01-01 00:00:00+00:00,5.89,17,81,80,37,20,17,78.2,53,74.0,88,8,3,5,3,1,2018,0,42.0,80.06666666666666,51.0,38.66666666666667,8
CSE_0389,2026-01-01 00:00:00+00:00,8.75,14,1,96,18,87,61,65.96,66,50.0,64,5,5,1,8,16,2018,4,46.166666666666664,59.98666666666666,46.5,56.25,8
CSE_0390,2026-01-01 00:00:00+00:00,9.03,79,28,95,35,4,12,39.84,5,96.0,24,11,6,4,2,51,2024,3,42.166666666666664,53.28,58.0,50.666666666666664,2
CSE_0391,2026-01-01 00:00:00+00:00,9.95,26,84,71,58,69,42,32.72,57,90.0,0,15,4,5,6,44,2019,3,58.333333333333336,40.906666666666666,75.0,69.16666666666666,7
CSE_0392,2026-01-01 00:00:00+00:00,7.06,71,78,18,62,46,77,57.64,69,76.0,31,11,4,3,6,36,2019,4,58.666666666666664,54.879999999999995,59.0,59.83333333333333,7
CSE_0393,2026-01-01 00:00:00+00:00,6.86,59,51,62,76,86,27,73.4,52,78.0,2,9,1,3,3,41,2021,4,60.166666666666664,51.13333333333333,40.0,35.16666666666667,5
CSE_0394,2026-01-01 00:00:00+00:00,8.88,45,26,37,45,67,17,76.16,65,40.0,48,1,6,1,1,43,2022,1,39.5,54.72,23.5,23.583333333333332,4
CSE_0395,2026-01-01 00:00:00+00:00,6.7,88,49,66,2,90,58,45.16,57,72.0,18,1,11,1,8,80,2024,3,58.833333333333336,45.053333333333335,53.5,64.41666666666666,2
CSE_0396,2026-01-01 00:00:00+00:00,9.65,16,94,58,73,17,59,66.6,81,36.0,59,3,5,1,3,37,2020,0,52.833333333333336,53.86666666666667,30.0,32.833333333333336,6
CSE_0397,2026-01-01 00:00:00+00:00,9.29,92,78,68,64,20,62,62.92,86,32.0,28,14,10,2,7,98,2022,4,64.0,40.973333333333336,78.5,88.08333333333333,4
CSE_0398,2026-01-01 00:00:00+00:00,7.14,52,22,12,90,91,56,47.64,1,100.0,49,8,0,1,1,93,2020,0,53.833333333333336,65.54666666666667,22.5,22.416666666666668,6
CSE_0399,2026-01-01 00:00:00+00:00,8.75,7,87,46,7,98,91,57.44,75,70.0,1,6,3,5,7,5,2018,3,56.0,42.81333333333333,57.0,49.0,8
CSE_0400,2026-01-01 00:00:00+00:00,8.77,78,43,60,50,85,50,44.24,21,54.0,72,1,2,5,4,67,2023,2,61.0,56.74666666666667,37.0,23.166666666666664,3
CSE_0401,2026-01-01 00:00:00+00:00,5.52,26,76,30,80,22,55,83.6,36,44.0,55,7,11,0,6,50,2023,2,48.166666666666664,60.86666666666667,56.5,70.91666666666666,3
CSE_0402,2026-01-01 00:00:00+00:00,9.51,45,21,79,72,63,26,90.8,19,68.0,16,15,2,4,6,100,2024,4,51.0,58.26666666666667,66.0,63.333333333333336,2
CSE_0403,2026-01-01 00:00:00+00:00,7.53,49,42,95,5,66,31,90.56,23,24.0,59,10,6,1,8,34,2019,1,48.0,57.85333333333333,59.0,70.83333333333333,7
CSE_0404,2026-01-01 00:00:00+00:00,9.13,70,36,21,88,39,8,67.76,83,28.0,35,6,10,5,2,57,2019,0,43.666666666666664,43.586666666666666,62.0,50.66666666666667,7
CSE_0405,2026-01-01 00:00:00+00:00,6.6,2,60,92,38,9,95,58.04,64,22.0,60,8,11,5,3,56,2018,4,49.333333333333336,46.68,71.0,62.0,8
CSE_0406,2026-01-01 00:00:00+00:00,9.48,92,96,85,59,88,83,65.6,64,60.0,16,7,9,5,3,72,2018,1,83.83333333333333,47.199999999999996,64.0,53.83333333333333,8
CSE_0407,2026-01-01 00:00:00+00:00,6.95,63,55,42,27,51,91,73.0,80,68.0,48,2,3,2,4,5,2020,0,54.833333333333336,63.0,29.5,28.416666666666668,6
CSE_0408,2026-01-01 00:00:00+00:00,5.05,43,2,66,96,71,96,52.76,0,24.0,75,0,11,4,5,12,2018,3,62.333333333333336,50.586666666666666,56.0,50.83333333333333,8
CSE_0409,2026-01-01 00:00:00+00:00,9.53,52,62,53,53,74,67,57.4,93,78.0,59,1,7,3,2,58,2024,2,60.166666666666664,64.8,36.5,30.25,2
CSE_0410,2026-01-01 00:00:00+00:00,5.46,23,18,9,36,60,45,85.28,2,38.0,19,14,10,5,3,85,2020,1,31.833333333333332,47.42666666666667,80.5,73.08333333333333,6
CSE_0411,2026-01-01 00:00:00+00:00,6.6,59,22,41,8,63,97,61.56,45,74.0,49,13,8,1,2,91,2022,0,48.333333333333336,61.52,55.0,61.16666666666667,4
CSE_0412,2026-01-01 00:00:00+00:00,9.75,2,28,63,81,4,66,93.8,54,98.0,2,12,2,5,1,29,2019,4,40.666666666666664,64.60000000000001,51.5,37.583333333333336,7
CSE_0413,2026-01-01 00:00:00+00:00,9.75,19,29,20,55,52,25,50.72,74,76.0,42,1,4,4,8,99,2019,0,33.333333333333336,56.24,48.0,44.0,7
CSE_0414,2026-01-01 00:00:00+00:00,7.87,45,38,79,58,54,7,40.44,87,90.0,56,15,3,3,0,1,2023,4,46.833333333333336,62.14666666666667,49.5,43.75,3
CSE_0415,2026-01-01 00:00:00+00:00,8.16,14,24,75,84,36,5,77.4,85,96.0,49,3,11,2,1,57,2023,2,39.666666666666664,74.13333333333334,44.0,42.83333333333333,3
CSE_0416,2026-01-01 00:00:00+00:00,7.24,24,100,65,1,55,79,73.24,63,58.0,67,5,9,0,7,35,2024,2,54.0,66.08,50.0,64.16666666666666,2
CSE_0417,2026-01-01 00:00:00+00:00,6.47,93,7,40,60,58,23,64.12,44,76.0,80,3,5,1,6,71,2019,0,46.833333333333336,73.37333333333333,37.5,44.083333333333336,7
CSE_0418,2026-01-01 00:00:00+00:00,6.64,77,57,23,57,92,47,51.04,25,88.0,49,8,10,0,0,44,2024,0,58.833333333333336,62.68,41.0,47.833333333333336,2
CSE_0419,2026-01-01 00:00:00+00:00,8.36,70,15,34,59,68,93,66.92,76,48.0,36,3,9,2,4,8,2022,4,56.5,50.30666666666667,46.5,48.25,4
CSE_0420,2026-01-01 00:00:00+00:00,8.76,16,71,55,39,72,44,50.36,64,40.0,45,5,3,4,5,64,2022,4,49.5,45.120000000000005,46.0,39.166666666666664,4
CSE_0421,2026-01-01 00:00:00+00:00,8.96,83,0,29,35,58,12,42.08,23,96.0,41,5,7,4,4,76,2021,1,36.166666666666664,59.69333333333333,53.5,47.083333333333336,5
CSE_0422,2026-01-01 00:00:00+00:00,8.95,99,4,56,36,1,68,93.96,73,78.0,14,9,2,2,3,49,2020,1,44.0,61.98666666666666,38.5,38.08333333333333,6
CSE_0423,2026-01-01 00:00:00+00:00,5.46,8,2,93,78,64,24,62.04,34,38.0,32,10,10,5,0,78,2023,1,44.833333333333336,44.01333333333333,65.0,52.5,3
CSE_0424,2026-01-01 00:00:00+00:00,7.47,37,64,46,91,59,19,90.44,23,56.0,79,9,4,2,6,31,2020,0,52.666666666666664,75.14666666666666,51.0,55.166666666666664,6
CSE_0425,2026-01-01 00:00:00+00:00,5.29,47,3,34,17,50,81,71.2,27,84.0,10,0,12,1,8,97,2023,1,38.666666666666664,55.06666666666666,54.0,65.0,3
CSE_0426,2026-01-01 00:00:00+00:00,7.75,59,98,18,97,29,81,66.12,99,64.0,19,7,0,3,5,42,2021,0,63.666666666666664,49.70666666666667,38.5,35.08333333333333,5
CSE_0427,2026-01-01 00:00:00+00:00,7.21,62,95,7,62,10,65,41.4,79,72.0,23,11,12,0,2,94,2019,2,50.166666666666664,45.46666666666667,57.0,68.16666666666666,7
CSE_0428,2026-01-01 00:00:00+00:00,9.44,85,63,25,21,91,73,85.16,15,80.0,63,2,5,0,3,77,2024,3,59.666666666666664,76.05333333333333,24.0,30.5,2
CSE_0429,2026-01-01 00:00:00+00:00,6.75,1,97,70,10,75,44,51.08,58,70.0,79,14,10,4,4,53,2020,2,49.5,66.69333333333333,79.0,76.83333333333333,6
CSE_0430,2026-01-01 00:00:00+00:00,5.59,87,88,29,57,38,46,59.12,80,64.0,93,12,4,5,0,46,2023,0,57.5,72.04,54.0,39.666666666666664,3
CSE_0431,2026-01-01 00:00:00+00:00,5.71,71,9,6,56,89,62,73.72,53,80.0,97,5,7,4,4,13,2020,0,48.833333333333336,83.57333333333334,53.5,47.083333333333336,6
CSE_0432,2026-01-01 00:00:00+00:00,8.81,10,20,66,76,76,75,40.6,78,78.0,64,2,8,1,0,47,2019,3,53.833333333333336,60.86666666666667,28.0,28.0,7
CSE_0433,2026-01-01 00:00:00+00:00,8.09,63,45,64,3,71,76,66.16,15,70.0,87,15,7,2,8,54,2024,4,53.666666666666664,74.38666666666667,75.5,85.41666666666667,2
CSE_0434,2026-01-01 00:00:00+00:00,5.51,76,90,35,85,62,54,37.36,14,48.0,87,14,7,0,6,28,2018,4,67.0,57.45333333333334,60.5,75.58333333333333,8
CSE_0435,2026-01-01 00:00:00+00:00,5.42,80,26,24,6,63,74,68.16,97,52.0,72,10,11,1,2,46,2023,4,45.5,64.05333333333333,56.5,62.91666666666666,3
CSE_0436,2026-01-01 00:00:00+00:00,8.5,71,65,36,60,60,18,78.08,10,98.0,85,1,12,4,8,62,2018,1,51.666666666666664,87.02666666666666,68.0,67.33333333333334,8
CSE_0437,2026-01-01 00:00:00+00:00,5.36,20,40,0,53,53,34,48.36,64,28.0,75,14,2,4,1,18,2021,4,33.333333333333336,50.45333333333334,51.5,42.25,5
CSE_0438,2026-01-01 00:00:00+00:00,9.11,17,12,14,87,91,52,89.8,78,42.0,16,4,3,0,6,90,2024,1,45.5,49.26666666666667,30.5,40.583333333333336,2
CSE_0439,2026-01-01 00:00:00+00:00,8.53,93,8,36,67,93,25,84.68,89,60.0,88,15,10,4,8,8,2022,1,53.666666666666664,77.56,91.0,94.16666666666667,4
CSE_0440,2026-01-01 00:00:00+00:00,5.41,63,35,12,91,72,13,82.76,67,86.0,91,13,3,5,5,100,2020,4,47.666666666666664,86.58666666666666,66.0,57.833333333333336,6
CSE_0441,2026-01-01 00:00:00+00:00,5.42,81,85,7,78,94,44,95.16,42,34.0,60,15,10,4,4,36,2023,4,64.83333333333333,63.053333333333335,81.0,79.16666666666667,3
CSE_0442,2026-01-01 00:00:00+00:00,9.93,94,89,4,0,57,43,35.4,68,42.0,14,0,4,3,6,91,2020,3,47.833333333333336,30.46666666666667,37.0,34.166666666666664,6
CSE_0443,2026-01-01 00:00:00+00:00,6.87,37,57,59,54,84,87,54.2,98,26.0,93,8,12,2,5,51,2021,3,63.0,57.73333333333333,66.5,72.41666666666667,5
CSE_0444,2026-01-01 00:00:00+00:00,6.85,31,53,72,2,55,64,87.92,12,76.0,50,10,8,4,4,56,2021,1,46.166666666666664,71.30666666666667,66.0,61.666666666666664,5
CSE_0445,2026-01-01 00:00:00+00:00,9.06,10,11,0,77,33,50,90.76,9,40.0,26,6,11,3,1,87,2020,3,30.166666666666668,52.25333333333333,54.0,49.83333333333333,6
CSE_0446,2026-01-01 00:00:00+00:00,9.74,44,80,35,37,30,42,47.08,74,52.0,85,2,8,1,7,27,2023,1,44.666666666666664,61.35999999999999,45.5,54.25,3
CSE_0447,2026-01-01 00:00:00+00:00,9.93,88,77,34,0,51,85,88.52,81,56.0,73,3,9,4,6,35,2024,0,55.833333333333336,72.50666666666666,59.5,55.75,2
CSE_0448,2026-01-01 00:00:00+00:00,8.77,32,13,65,37,88,22,74.96,97,92.0,60,12,12,5,5,63,2019,1,42.833333333333336,75.65333333333332,86.5,81.75,7
CSE_0449,2026-01-01 00:00:00+00:00,6.88,40,33,62,84,75,55,41.64,40,52.0,57,5,11,1,4,17,2024,1,58.166666666666664,50.21333333333333,51.5,58.74999999999999,2
CSE_0450,2026-01-01 00:00:00+00:00,5.42,7,52,22,28,0,18,84.68,49,32.0,30,2,0,4,4,88,2019,3,21.166666666666668,48.89333333333334,30.0,19.666666666666668,7
CSE_0451,2026-01-01 00:00:00+00:00,8.89,10,19,8,4,54,81,68.76,86,62.0,90,11,7,0,8,34,2022,0,29.333333333333332,73.58666666666666,59.5,76.08333333333333,4
CSE_0452,2026-01-01 00:00:00+00:00,7.79,85,74,33,73,21,75,95.44,70,98.0,11,6,0,3,0,67,2024,2,60.166666666666664,68.14666666666666,24.0,14.0,2
CSE_0453,2026-01-01 00:00:00+00:00,7.12,50,15,45,91,39,54,42.6,58,68.0,45,12,1,3,8,77,2020,2,49.0,51.86666666666667,58.5,60.91666666666667,6
CSE_0454,2026-01-01 00:00:00+00:00,9.53,87,94,77,20,100,91,77.72,38,98.0,30,5,6,0,5,38,2020,2,78.16666666666667,68.57333333333334,37.5,47.916666666666664,6
CSE_0455,2026-01-01 00:00:00+00:00,5.56,40,69,3,70,0,91,60.44,2,88.0,31,8,7,2,3,89,2023,0,45.5,59.81333333333333,49.0,50.333333333333336,3
CSE_0456,2026-01-01 00:00:00+00:00,7.46,16,55,29,66,64,59,82.84,75,22.0,31,11,0,5,6,7,2020,4,48.166666666666664,45.28,57.0,48.166666666666664,6
CSE_0457,2026-01-01 00:00:00+00:00,5.06,75,82,94,46,62,58,34.76,6,72.0,98,14,2,3,8,87,2023,0,69.5,68.25333333333333,65.0,68.5,3
CSE_0458,2026-01-01 00:00:00+00:00,7.34,45,100,74,83,53,32,34.24,48,42.0,52,4,6,1,4,79,2020,3,64.5,42.74666666666667,37.0,41.833333333333336,6
CSE_0459,2026-01-01 00:00:00+00:00,5.28,31,57,98,82,41,18,88.2,25,64.0,60,3,12,5,4,83,2021,1,54.5,70.73333333333333,66.0,57.0,5
CSE_0460,2026-01-01 00:00:00+00:00,5.59,78,3,71,34,20,27,33.52,32,42.0,45,2,8,3,7,14,2018,1,38.833333333333336,40.17333333333334,53.5,54.25,8
CSE_0461,2026-01-01 00:00:00+00:00,5.59,79,3,2,67,78,51,64.0,100,48.0,84,9,7,2,6,6,2020,3,46.666666666666664,65.33333333333333,58.5,63.91666666666667,6
CSE_0462,2026-01-01 00:00:00+00:00,8.25,53,19,13,68,80,48,90.64,47,94.0,73,0,7,1,7,16,2018,3,46.833333333333336,85.88,39.0,46.66666666666667,8
CSE_0463,2026-01-01 00:00:00+00:00,8.73,85,9,59,0,21,36,73.64,78,36.0,79,2,8,5,1,85,2019,1,35.0,62.879999999999995,46.5,31.75,7
CSE_0464,2026-01-01 00:00:00+00:00,7.92,91,23,76,67,37,25,61.24,1,90.0,6,2,9,1,8,85,2022,4,53.166666666666664,52.413333333333334,50.5,60.91666666666667,4
CSE_0465,2026-01-01 00:00:00+00:00,9.81,19,98,44,11,98,98,64.96,70,22.0,3,6,2,0,2,63,2024,4,61.333333333333336,29.986666666666665,22.0,27.333333333333332,2
CSE_0466,2026-01-01 00:00:00+00:00,6.87,32,25,95,59,79,97,62.2,31,28.0,90,6,7,4,5,11,2024,4,64.5,60.06666666666666,58.0,53.16666666666667,2
CSE_0467,2026-01-01 00:00:00+00:00,6.43,73,36,33,26,7,98,46.04,3,88.0,51,12,0,0,5,81,2019,3,45.5,61.68,36.5,46.75,7
CSE_0468,2026-01-01 00:00:00+00:00,9.34,39,84,44,55,61,39,84.84,19,70.0,88,14,7,5,1,55,2020,1,53.666666666666664,80.94666666666667,68.0,56.83333333333333,6
CSE_0469,2026-01-01 00:00:00+00:00,6.12,31,53,60,22,46,79,43.28,35,80.0,30,11,12,4,6,45,2024,1,48.5,51.093333333333334,83.0,83.16666666666666,2
CSE_0470,2026-01-01 00:00:00+00:00,9.82,96,20,82,24,16,37,36.36,31,36.0,74,0,6,0,8,46,2023,1,45.833333333333336,48.78666666666667,35.0,47.5,3
CSE_0471,2026-01-01 00:00:00+00:00,5.06,1,73,15,20,16,76,72.64,27,62.0,83,2,12,4,0,78,2019,0,33.5,72.54666666666667,50.0,39.666666666666664,7
CSE_0472,2026-01-01 00:00:00+00:00,9.85,96,37,65,60,89,86,80.12,76,78.0,35,12,7,3,7,100,2021,0,72.16666666666667,64.37333333333333,71.0,74.66666666666667,5
CSE_0473,2026-01-01 00:00:00+00:00,5.22,32,45,39,62,12,53,53.72,0,70.0,53,7,0,1,1,15,2018,2,40.5,58.906666666666666,20.5,20.083333333333332,8
CSE_0474,2026-01-01 00:00:00+00:00,9.46,76,3,16,51,16,21,32.96,59,58.0,53,15,5,4,0,68,2023,0,30.5,47.98666666666667,58.5,49.583333333333336,3
CSE_0475,2026-01-01 00:00:00+00:00,7.64,29,59,33,87,37,15,65.68,55,96.0,16,8,6,3,7,1,2024,4,43.333333333333336,59.22666666666667,60.5,62.41666666666667,2
CSE_0476,2026-01-01 00:00:00+00:00,9.96,32,56,15,24,80,27,63.6,34,74.0,74,6,10,2,1,91,2023,4,39.0,70.53333333333333,47.5,46.91666666666667,3
CSE_0477,2026-01-01 00:00:00+00:00,5.37,76,44,59,54,77,34,61.48,29,92.0,29,6,4,0,5,53,2020,4,57.333333333333336,60.82666666666666,34.5,44.416666666666664,6
CSE_0478,2026-01-01 00:00:00+00:00,7.77,25,19,65,45,44,59,34.24,53,78.0,98,11,4,2,5,26,2021,4,42.833333333333336,70.08,52.5,56.08333333333333,5
CSE_0479,2026-01-01 00:00:00+00:00,9.85,21,16,65,31,5,44,39.16,35,78.0,21,14,6,5,4,30,2018,2,30.333333333333332,46.053333333333335,73.0,65.16666666666666,8
CSE_0480,2026-01-01 00:00:00+00:00,7.62,65,70,89,54,34,45,41.24,54,26.0,42,15,10,3,7,40,2021,4,59.5,36.413333333333334,84.5,90.41666666666667,5
CSE_0481,2026-01-01 00:00:00+00:00,8.15,37,3,12,95,13,71,45.68,88,48.0,26,10,2,2,2,35,2019,3,38.5,39.89333333333334,38.0,36.666666666666664,7
CSE_0482,2026-01-01 00:00:00+00:00,8.48,89,92,55,4,71,54,51.04,79,88.0,36,7,5,2,3,46,2020,3,60.833333333333336,58.346666666666664,42.0,42.166666666666664,6
CSE_0483,2026-01-01 00:00:00+00:00,7.27,45,13,30,35,60,85,55.0,57,38.0,45,5,6,3,6,42,2023,3,44.666666666666664,46.0,52.0,51.666666666666664,3
CSE_0484,2026-01-01 00:00:00+00:00,8.14,14,2,33,48,14,84,50.16,82,30.0,34,10,0,1,6,64,2023,0,32.5,38.053333333333335,39.0,45.83333333333333,3
CSE_0485,2026-01-01 00:00:00+00:00,7.92,97,87,38,57,53,25,82.2,64,46.0,3,2,11,4,7,49,2019,1,59.5,43.73333333333333,65.0,62.99999999999999,7
CSE_0486,2026-01-01 00:00:00+00:00,9.51,43,100,66,38,26,84,43.52,68,38.0,79,14,1,5,1,92,2023,2,59.5,53.50666666666667,53.0,39.33333333333333,3
CSE_0487,2026-01-01 00:00:00+00:00,5.23,48,79,7,79,12,24,81.44,50,94.0,79,0,11,5,1,0,2022,3,41.5,84.81333333333333,50.0,35.83333333333333,4
CSE_0488,2026-01-01 00:00:00+00:00,6.4,74,57,86,96,30,64,42.28,21,90.0,84,6,3,0,3,71,2020,3,67.83333333333333,72.09333333333333,27.0,34.0,6
CSE_0489,2026-01-01 00:00:00+00:00,9.75,60,54,77,84,34,5,53.16,87,60.0,25,0,12,4,8,56,2019,4,52.333333333333336,46.053333333333335,66.0,65.0,7
CSE_0490,2026-01-01 00:00:00+00:00,9.45,66,3,54,60,59,22,59.44,100,24.0,99,0,7,0,8,15,2020,3,44.0,60.81333333333333,37.5,50.41666666666667,6
CSE_0491,2026-01-01 00:00:00+00:00,7.28,5,23,26,8,5,63,69.12,52,78.0,18,15,10,5,3,27,2018,4,21.666666666666668,55.04,82.5,75.41666666666667,8
CSE_0492,2026-01-01 00:00:00+00:00,8.1,8,33,92,5,68,86,41.12,99,70.0,80,8,12,4,8,85,2020,4,48.666666666666664,63.70666666666667,82.0,83.66666666666667,6
CSE_0493,2026-01-01 00:00:00+00:00,6.39,5,29,52,34,85,42,81.96,35,98.0,44,12,9,2,2,81,2020,1,41.166666666666664,74.65333333333332,59.5,61.75,6
CSE_0494,2026-01-01 00:00:00+00:00,5.94,72,81,38,38,57,22,55.8,67,64.0,25,9,5,1,4,21,2018,0,51.333333333333336,48.26666666666667,44.5,50.583333333333336,8
CSE_0495,2026-01-01 00:00:00+00:00,7.32,94,18,64,21,48,95,49.36,35,46.0,21,6,0,2,8,40,2019,4,56.666666666666664,38.78666666666667,40.0,44.0,7
CSE_0496,2026-01-01 00:00:00+00:00,6.77,31,30,16,40,22,29,67.24,51,62.0,57,12,9,1,5,75,2020,4,28.0,62.080000000000005,63.0,73.0,6
CSE_0497,2026-01-01 00:00:00+00:00,7.92,40,59,29,4,88,76,72.8,52,98.0,62,10,4,3,2,18,2021,1,49.333333333333336,77.60000000000001,47.0,42.5,5
CSE_0498,2026-01-01 00:00:00+00:00,5.39,75,59,52,41,33,17,48.04,81,76.0,27,12,6,0,8,88,2020,4,46.166666666666664,50.346666666666664,59.0,75.5,6
CSE_0499,2026-01-01 00:00:00+00:00,9.87,7,18,12,86,25,86,56.84,49,74.0,64,3,12,0,5,49,2019,2,39.0,64.94666666666667,48.5,60.75,7
CSE_0500,2026-01-01 00:00:00+00:00,9.93,71,48,20,80,46,78,35.48,79,40.0,43,5,5,3,3,58,2023,0,57.166666666666664,39.49333333333333,42.0,37.5,3
CSE_0501,2026-01-01 00:00:00+00:00,8.49,49,62,18,75,4,96,55.32,40,80.0,99,0,12,4,3,68,2024,2,50.666666666666664,78.10666666666667,53.5,46.25,2
CSE_0502,2026-01-01 00:00:00+00:00,7.68,91,82,52,86,89,20,94.6,17,80.0,42,6,12,3,7,33,2018,3,70.0,72.2,71.5,75.25,8
CSE_0503,2026-01-01 00:00:00+00:00,6.55,61,21,18,79,19,56,44.32,21,46.0,36,11,11,5,6,38,2023,0,42.333333333333336,42.10666666666666,84.5,80.25,3
CSE_0504,2026-01-01 00:00:00+00:00,9.07,83,23,56,66,5,22,68.2,65,58.0,65,14,8,3,0,73,2019,3,42.5,63.73333333333333,60.0,56.0,7
CSE_0505,2026-01-01 00:00:00+00:00,8.42,61,75,24,29,69,90,45.68,20,44.0,16,15,7,1,5,6,2022,4,58.0,35.22666666666667,64.0,74.16666666666667,4
CSE_0506,2026-01-01 00:00:00+00:00,5.81,6,29,85,56,58,44,49.4,99,40.0,39,5,3,5,7,100,2024,1,46.333333333333336,42.800000000000004,55.0,46.666666666666664,2
CSE_0507,2026-01-01 00:00:00+00:00,9.55,74,57,30,85,63,43,39.04,43,22.0,37,3,12,3,2,51,2023,2,58.666666666666664,32.68,53.0,49.5,3
CSE_0508,2026-01-01 00:00:00+00:00,9.11,83,30,80,72,17,81,37.52,46,42.0,84,6,10,0,8,59,2020,3,60.5,54.50666666666667,57.0,73.16666666666667,6
CSE_0509,2026-01-01 00:00:00+00:00,9.75,79,99,54,28,3,87,39.72,38,64.0,60,2,11,2,1,51,2024,4,58.333333333333336,54.57333333333333,42.0,40.49999999999999,2
CSE_0510,2026-01-01 00:00:00+00:00,8.63,3,63,22,36,16,46,80.36,28,20.0,8,0,4,1,5,78,2020,2,31.0,36.12,26.5,30.416666666666664,6
CSE_0511,2026-01-01 00:00:00+00:00,8.07,5,18,31,86,13,39,81.64,53,42.0,76,3,6,1,0,23,2018,2,32.0,66.54666666666667,25.0,24.5,8
CSE_0512,2026-01-01 00:00:00+00:00,7.09,57,47,61,12,77,50,79.48,89,90.0,74,2,7,4,1,25,2020,3,50.666666666666664,81.16000000000001,40.0,28.833333333333336,6
CSE_0513,2026-01-01 00:00:00+00:00,9.66,21,44,73,31,12,41,79.36,84,68.0,60,0,4,2,4,89,2024,4,37.0,69.12,28.0,26.666666666666664,2
CSE_0514,2026-01-01 00:00:00+00:00,9.33,25,99,9,45,6,6,69.68,16,68.0,79,1,8,1,0,89,2021,1,31.666666666666668,72.22666666666667,26.0,25.666666666666664,5
CSE_0515,2026-01-01 00:00:00+00:00,5.23,2,93,99,22,43,49,52.96,79,52.0,15,10,9,3,7,9,2021,3,51.333333333333336,39.98666666666667,72.0,75.83333333333333,5
CSE_0516,2026-01-01 00:00:00+00:00,5.13,40,54,71,44,14,47,74.6,59,74.0,1,4,11,1,0,16,2023,2,45.0,49.86666666666667,39.5,41.416666666666664,3
CSE_0517,2026-01-01 00:00:00+00:00,6.88,59,54,53,16,18,83,68.56,30,36.0,71,14,3,1,8,77,2019,2,47.166666666666664,58.52,59.5,71.41666666666666,7
CSE_0518,2026-01-01 00:00:00+00:00,9.05,13,96,51,84,62,90,40.36,72,86.0,42,7,3,1,2,1,2018,0,66.0,56.120000000000005,30.5,32.58333333333333,8
CSE_0519,2026-01-01 00:00:00+00:00,9.94,74,17,19,65,34,5,61.6,94,30.0,41,0,12,4,1,76,2022,4,35.666666666666664,44.199999999999996,48.5,38.75,4
CSE_0520,2026-01-01 00:00:00+00:00,5.75,81,62,31,100,80,90,66.44,77,72.0,76,3,7,1,0,26,2023,0,74.0,71.48,27.5,27.416666666666668,3
CSE_0521,2026-01-01 00:00:00+00:00,7.97,11,91,13,5,34,8,83.92,48,48.0,56,13,0,1,8,72,2019,1,27.0,62.64000000000001,50.0,60.333333333333336,7
CSE_0522,2026-01-01 00:00:00+00:00,6.9,86,46,49,17,18,56,70.12,100,80.0,80,3,7,4,3,70,2018,3,45.333333333333336,76.70666666666666,47.0,38.66666666666667,8
CSE_0523,2026-01-01 00:00:00+00:00,9.85,11,74,27,93,19,30,84.08,1,64.0,87,4,4,5,0,47,2024,2,42.333333333333336,78.36,38.0,21.0,2
CSE_0524,2026-01-01 00:00:00+00:00,9.21,12,56,52,21,99,20,82.96,47,56.0,66,6,12,2,0,73,2018,4,43.333333333333336,68.32,50.0,49.0,8
CSE_0525,2026-01-01 00:00:00+00:00,9.19,24,44,23,32,34,89,85.32,13,34.0,29,12,10,5,6,8,2024,2,41.0,49.44,84.0,79.66666666666667,2
CSE_0526,2026-01-01 00:00:00+00:00,7.34,44,32,78,29,31,39,65.28,58,70.0,12,11,0,0,1,85,2023,0,42.166666666666664,49.093333333333334,24.5,29.416666666666664,3
CSE_0527,2026-01-01 00:00:00+00:00,7.07,18,16,21,80,47,44,37.56,96,98.0,18,7,3,4,6,22,2019,0,37.666666666666664,51.18666666666667,52.5,47.58333333333333,7
CSE_0528,2026-01-01 00:00:00+00:00,6.37,54,69,29,31,43,76,63.64,98,86.0,6,14,1,4,6,70,2019,3,50.333333333333336,51.879999999999995,61.5,58.08333333333333,7
CSE_0529,2026-01-01 00:00:00+00:00,5.28,99,3,62,41,23,48,53.8,57,24.0,8,5,3,1,8,72,2020,4,46.0,28.599999999999998,41.5,50.416666666666664,6
CSE_0530,2026-01-01 00:00:00+00:00,9.32,44,19,3,77,60,86,72.64,57,50.0,82,0,7,1,6,26,2022,4,48.166666666666664,68.21333333333332,36.5,42.91666666666667,4
CSE_0531,2026-01-01 00:00:00+00:00,9.06,7,46,76,9,16,19,94.12,50,94.0,53,6,4,0,0,87,2021,3,28.833333333333332,80.37333333333333,22.0,25.666666666666664,5
CSE_0532,2026-01-01 00:00:00+00:00,10.0,92,90,58,35,70,100,34.24,83,60.0,85,2,0,1,7,92,2020,0,74.16666666666667,59.74666666666667,25.5,30.916666666666668,6
CSE_0533,2026-01-01 00:00:00+00:00,9.98,52,14,86,33,49,91,36.44,1,72.0,81,14,6,3,7,80,2018,0,54.166666666666664,63.14666666666667,72.5,76.41666666666666,8
CSE_0534,2026-01-01 00:00:00+00:00,7.78,54,69,7,72,64,16,32.16,40,94.0,60,12,0,1,3,83,2022,0,47.0,62.053333333333335,35.5,39.25,4
CSE_0535,2026-01-01 00:00:00+00:00,8.84,31,46,81,27,98,27,89.32,82,90.0,86,12,8,1,7,70,2022,2,51.666666666666664,88.44,65.5,77.58333333333333,4
CSE_0536,2026-01-01 00:00:00+00:00,9.72,50,77,11,10,31,40,89.48,100,60.0,1,12,2,3,3,42,2019,1,36.5,50.160000000000004,48.5,45.083333333333336,7
CSE_0537,2026-01-01 00:00:00+00:00,9.25,43,74,30,77,35,65,80.2,81,56.0,49,5,11,0,7,6,2022,0,54.0,61.73333333333333,55.0,70.0,4
CSE_0538,2026-01-01 00:00:00+00:00,6.24,81,8,77,38,12,24,73.44,15,48.0,74,14,2,3,4,91,2023,1,40.0,65.14666666666666,55.0,53.5,3
CSE_0539,2026-01-01 00:00:00+00:00,7.25,69,89,33,46,69,57,86.48,3,78.0,30,15,5,4,3,82,2022,1,60.5,64.82666666666667,66.0,60.833333333333336,4
CSE_0540,2026-01-01 00:00:00+00:00,5.65,17,15,81,18,57,40,83.28,11,42.0,32,7,9,3,5,62,2018,4,38.0,52.42666666666667,61.0,61.33333333333333,8
CSE_0541,2026-01-01 00:00:00+00:00,9.77,82,68,97,14,13,5,35.56,28,40.0,77,6,5,2,1,83,2023,3,46.5,50.85333333333333,35.0,32.333333333333336,3
CSE_0542,2026-01-01 00:00:00+00:00,8.03,21,60,74,27,36,74,56.6,6,48.0,79,15,12,4,1,43,2023,2,48.666666666666664,61.199999999999996,78.5,73.75,3
CSE_0543,2026-01-01 00:00:00+00:00,6.14,36,9,75,23,78,37,67.6,13,34.0,10,9,10,1,1,38,2020,1,43.0,37.199999999999996,49.5,53.91666666666667,6
CSE_0544,2026-01-01 00:00:00+00:00,8.36,95,49,48,71,67,5,59.88,11,76.0,32,5,10,4,8,39,2022,2,55.833333333333336,55.96,71.0,70.83333333333334,4
CSE_0545,2026-01-01 00:00:00+00:00,8.09,55,2,78,8,39,44,82.92,98,70.0,6,8,5,0,2,6,2019,4,37.666666666666664,52.973333333333336,33.5,40.75,7
CSE_0546,2026-01-01 00:00:00+00:00,6.79,58,76,56,46,58,74,83.12,4,58.0,30,8,12,0,3,69,2024,0,61.333333333333336,57.04,53.5,64.91666666666667,2
CSE_0547,2026-01-01 00:00:00+00:00,5.57,2,93,94,32,79,13,67.88,80,52.0,47,0,0,3,7,24,2020,1,52.166666666666664,55.626666666666665,29.5,26.25,6
CSE_0548,2026-01-01 00:00:00+00:00,8.36,27,69,92,61,91,65,70.8,31,92.0,46,0,4,4,3,58,2019,3,67.5,69.60000000000001,33.5,22.916666666666664,7
CSE_0549,2026-01-01 00:00:00+00:00,7.6,73,80,25,96,15,39,77.24,73,22.0,77,0,11,1,6,12,2022,4,54.666666666666664,58.74666666666667,46.5,54.58333333333333,4
CSE_0550,2026-01-01 00:00:00+00:00,8.86,34,50,17,18,61,2,58.68,42,82.0,91,7,5,0,4,85,2020,2,30.333333333333332,77.22666666666667,36.5,45.916666666666664,6
CSE_0551,2026-01-01 00:00:00+00:00,7.6,60,18,95,66,3,98,55.72,80,92.0,52,11,7,5,8,80,2022,0,56.666666666666664,66.57333333333334,79.5,76.08333333333333,4
CSE_0552,2026-01-01 00:00:00+00:00,9.26,92,41,85,73,44,96,55.52,68,56.0,79,12,12,1,3,85,2018,2,71.83333333333333,63.50666666666667,65.5,74.25,8
CSE_0553,2026-01-01 00:00:00+00:00,7.76,53,34,37,39,89,23,51.36,44,64.0,18,13,0,5,2,97,2020,3,45.833333333333336,44.45333333333334,51.0,37.833333333333336,6
CSE_0554,2026-01-01 00:00:00+00:00,7.8,62,45,80,46,27,18,71.24,8,96.0,80,11,4,2,1,61,2019,1,46.333333333333336,82.41333333333334,42.5,41.08333333333333,7
CSE_0555,2026-01-01 00:00:00+00:00,9.38,78,25,86,64,95,17,70.84,48,36.0,89,13,2,5,0,7,2018,3,60.833333333333336,65.28,51.0,36.16666666666667,8
CSE_0556,2026-01-01 00:00:00+00:00,7.02,96,68,87,28,65,63,83.24,32,62.0,5,9,1,0,5,44,2021,2,67.83333333333333,50.080000000000005,33.0,42.66666666666667,5
CSE_0557,2026-01-01 00:00:00+00:00,5.67,6,92,49,49,30,87,57.52,99,58.0,48,6,10,3,1,17,2019,2,52.166666666666664,54.50666666666667,51.5,46.91666666666667,7
CSE_0558,2026-01-01 00:00:00+00:00,5.14,75,63,7,97,2,34,71.84,99,40.0,72,2,7,2,7,87,2024,3,46.333333333333336,61.28,47.0,51.333333333333336,2
CSE_0559,2026-01-01 00:00:00+00:00,8.78,48,36,40,12,7,61,43.24,17,86.0,49,12,6,4,5,59,2022,3,34.0,59.413333333333334,67.5,64.25,4
CSE_0560,2026-01-01 00:00:00+00:00,8.1,93,83,5,0,23,0,71.4,8,92.0,80,1,9,1,4,59,2019,3,34.0,81.13333333333334,38.5,43.58333333333333,7
CSE_0561,2026-01-01 00:00:00+00:00,8.52,84,48,68,33,14,99,76.44,61,82.0,94,3,6,0,1,1,2021,0,57.666666666666664,84.14666666666666,23.5,28.25,5
CSE_0562,2026-01-01 00:00:00+00:00,6.06,30,20,43,92,42,24,81.08,56,36.0,11,2,4,2,6,65,2019,2,41.833333333333336,42.69333333333333,37.0,38.83333333333333,7
CSE_0563,2026-01-01 00:00:00+00:00,5.68,57,73,63,47,30,44,32.6,28,26.0,22,6,11,2,1,90,2018,4,52.333333333333336,26.866666666666664,50.0,49.83333333333333,8
CSE_0564,2026-01-01 00:00:00+00:00,5.07,60,63,28,76,72,48,78.96,77,68.0,53,9,12,0,4,13,2023,0,57.833333333333336,66.65333333333332,58.0,71.0,3
CSE_0565,2026-01-01 00:00:00+00:00,6.75,23,4,27,47,44,97,69.4,24,24.0,68,14,8,4,1,47,2019,0,40.333333333333336,53.800000000000004,66.5,59.75,7
CSE_0566,2026-01-01 00:00:00+00:00,7.95,19,99,10,48,65,88,42.12,14,74.0,99,14,4,4,1,55,2020,0,54.833333333333336,71.70666666666666,56.5,48.08333333333333,6
CSE_0567,2026-01-01 00:00:00+00:00,6.96,36,69,64,63,7,15,80.44,5,62.0,58,7,1,3,6,11,2024,4,42.333333333333336,66.81333333333333,43.5,41.75,2
CSE_0568,2026-01-01 00:00:00+00:00,7.19,3,89,18,60,70,97,45.12,41,74.0,35,5,2,5,8,95,2021,3,56.166666666666664,51.373333333333335,55.0,47.5,5
CSE_0569,2026-01-01 00:00:00+00:00,9.52,91,3,8,28,56,92,53.72,28,68.0,2,2,3,4,4,91,2019,2,46.333333333333336,41.24,37.5,28.416666666666668,7
CSE_0570,2026-01-01 00:00:00+00:00,6.74,19,38,26,38,79,18,63.28,78,54.0,57,5,4,3,6,54,2021,1,36.333333333333336,58.093333333333334,47.0,45.83333333333333,5
CSE_0571,2026-01-01 00:00:00+00:00,7.57,59,34,33,87,98,22,71.84,92,36.0,87,14,12,5,3,27,2023,1,55.5,64.94666666666667,85.5,78.91666666666666,3
CSE_0572,2026-01-01 00:00:00+00:00,8.92,23,0,43,25,29,82,88.8,3,44.0,54,15,2,2,1,88,2018,2,33.666666666666664,62.26666666666667,45.5,44.583333333333336,8
CSE_0573,2026-01-01 00:00:00+00:00,6.98,49,23,67,16,73,24,93.6,81,62.0,56,1,11,0,2,3,2020,4,42.0,70.53333333333333,34.5,41.916666666666664,6
CSE_0574,2026-01-01 00:00:00+00:00,8.11,48,56,99,70,17,15,91.28,56,72.0,16,14,6,4,1,89,2022,1,50.833333333333336,59.76,61.5,53.916666666666664,4
CSE_0575,2026-01-01 00:00:00+00:00,9.31,50,99,81,12,68,53,86.12,48,82.0,38,11,4,3,4,35,2019,0,60.5,68.70666666666666,54.0,52.33333333333333,7
CSE_0576,2026-01-01 00:00:00+00:00,9.75,95,69,14,68,92,72,65.76,43,82.0,89,6,4,2,5,49,2018,1,68.33333333333333,78.92,42.5,44.416666666666664,8
CSE_0577,2026-01-01 00:00:00+00:00,5.74,35,40,50,25,38,0,79.68,79,98.0,67,13,5,4,6,2,2021,2,31.333333333333332,81.56,69.5,67.41666666666667,5
CSE_0578,2026-01-01 00:00:00+00:00,9.63,97,53,12,48,59,41,46.6,74,42.0,54,10,6,1,2,0,2023,0,51.666666666666664,47.53333333333333,44.0,48.33333333333333,3
CSE_0579,2026-01-01 00:00:00+00:00,7.46,99,45,82,66,97,18,80.04,13,26.0,44,9,9,2,3,16,2024,1,67.83333333333333,50.01333333333334,56.0,58.5,2
CSE_0580,2026-01-01 00:00:00+00:00,6.29,65,59,48,6,42,96,58.16,2,48.0,75,13,9,4,7,70,2021,2,52.666666666666664,60.38666666666666,82.0,82.83333333333334,5
CSE_0581,2026-01-01 00:00:00+00:00,7.3,78,59,69,57,44,33,87.4,61,80.0,0,6,7,2,3,61,2024,4,56.666666666666664,55.800000000000004,45.0,45.66666666666667,2
CSE_0582,2026-01-01 00:00:00+00:00,9.9,33,56,55,48,22,79,62.36,63,56.0,20,3,8,0,6,47,2023,2,48.833333333333336,46.120000000000005,41.0,52.83333333333333,3
CSE_0583,2026-01-01 00:00:00+00:00,7.46,35,30,75,52,68,54,57.52,44,86.0,82,12,10,0,5,61,2024,4,52.333333333333336,75.17333333333333,61.5,75.91666666666667,2
CSE_0584,2026-01-01 00:00:00+00:00,6.64,5,83,50,64,93,17,74.52,81,64.0,20,7,3,0,6,68,2023,0,52.0,52.839999999999996,36.5,47.58333333333333,3
CSE_0585,2026-01-01 00:00:00+00:00,8.17,38,23,36,61,5,33,68.92,57,94.0,51,3,4,5,0,18,2018,2,32.666666666666664,71.30666666666667,36.0,18.666666666666664,8
CSE_0586,2026-01-01 00:00:00+00:00,6.2,41,88,16,16,55,88,48.6,19,96.0,81,6,4,1,2,33,2019,3,50.666666666666664,75.2,31.0,33.166666666666664,7
CSE_0587,2026-01-01 00:00:00+00:00,5.38,57,35,57,42,3,44,87.12,57,26.0,42,3,7,0,5,98,2022,3,39.666666666666664,51.70666666666667,36.0,46.16666666666667,4
CSE_0588,2026-01-01 00:00:00+00:00,5.64,11,84,86,24,92,5,42.16,88,56.0,51,15,8,1,2,48,2019,3,50.333333333333336,49.72,59.0,65.83333333333333,7
CSE_0589,2026-01-01 00:00:00+00:00,5.64,2,29,89,2,22,20,78.64,56,68.0,66,12,6,0,6,79,2020,3,27.333333333333332,70.88,54.0,68.0,6
CSE_0590,2026-01-01 00:00:00+00:00,5.76,17,23,28,78,5,69,60.36,76,40.0,43,11,4,5,8,46,2019,3,36.666666666666664,47.78666666666667,72.0,67.33333333333333,7
CSE_0591,2026-01-01 00:00:00+00:00,5.69,39,29,32,28,31,95,55.04,67,52.0,31,4,2,2,2,90,2023,4,42.333333333333336,46.01333333333333,26.0,22.666666666666668,3
CSE_0592,2026-01-01 00:00:00+00:00,8.2,20,85,59,31,17,47,67.96,77,74.0,9,6,0,4,0,49,2023,2,43.166666666666664,50.31999999999999,28.0,14.0,3
CSE_0593,2026-01-01 00:00:00+00:00,5.91,14,91,90,25,14,38,32.4,96,38.0,63,12,10,4,5,88,2020,0,45.333333333333336,44.46666666666667,77.5,75.91666666666667,6
CSE_0594,2026-01-01 00:00:00+00:00,6.73,96,6,88,15,39,30,33.0,91,68.0,78,13,8,0,0,25,2021,3,45.666666666666664,59.666666666666664,46.0,53.66666666666667,5
CSE_0595,2026-01-01 00:00:00+00:00,9.48,98,34,54,24,95,9,70.24,51,76.0,68,13,4,4,0,55,2023,3,52.333333333333336,71.41333333333334,52.0,42.0,3
CSE_0596,2026-01-01 00:00:00+00:00,7.37,25,54,9,53,72,29,48.8,36,28.0,67,12,8,0,7,77,2020,0,40.333333333333336,47.93333333333334,61.5,77.58333333333333,6
CSE_0597,2026-01-01 00:00:00+00:00,8.34,7,91,46,27,100,17,81.76,7,60.0,27,9,9,0,8,13,2023,0,48.0,56.25333333333333,60.5,77.25,3
CSE_0598,2026-01-01 00:00:00+00:00,5.86,99,13,22,72,73,59,51.8,43,42.0,52,2,11,3,1,77,2022,3,56.333333333333336,48.6,46.0,40.49999999999999,4
CSE_0599,2026-01-01 00:00:00+00:00,5.96,93,9,84,55,83,87,82.4,97,78.0,50,9,12,3,8,24,2023,4,68.5,70.13333333333334,80.0,86.0,3
CSE_0600,2026-01-01 00:00:00+00:00,5.2,86,79,20,64,5,72,41.44,4,36.0,52,4,3,3,4,99,2018,0,54.333333333333336,43.14666666666667,37.5,33.083333333333336,8
CSE_0601,2026-01-01 00:00:00+00:00,5.84,41,15,12,92,62,94,72.32,68,92.0,3,10,4,1,7,3,2020,2,52.666666666666664,55.77333333333333,51.5,61.25,6
CSE_0602,2026-01-01 00:00:00+00:00,6.39,43,53,100,85,66,14,40.72,30,54.0,78,13,3,3,6,78,2024,2,60.166666666666664,57.57333333333333,60.5,61.583333333333336,2
CSE_0603,2026-01-01 00:00:00+00:00,5.89,13,94,32,79,10,3,92.4,44,36.0,16,2,1,0,6,31,2019,4,38.5,48.13333333333333,21.5,30.083333333333336,7
CSE_0604,2026-01-01 00:00:00+00:00,5.44,77,88,23,40,42,62,50.4,8,56.0,66,4,11,5,3,81,2020,1,55.333333333333336,57.46666666666667,63.0,52.666666666666664,6
CSE_0605,2026-01-01 00:00:00+00:00,5.6,1,76,10,50,16,39,58.48,31,52.0,73,13,0,5,1,77,2021,4,32.0,61.16,48.5,34.083333333333336,5
CSE_0606,2026-01-01 00:00:00+00:00,7.3,36,69,16,70,95,8,57.36,32,54.0,46,2,7,2,4,64,2023,3,49.0,52.45333333333334,39.5,40.083333333333336,3
CSE_0607,2026-01-01 00:00:00+00:00,6.03,68,43,67,77,3,8,78.68,66,66.0,55,10,3,3,2,60,2020,1,44.333333333333336,66.56,44.5,39.58333333333333,6
CSE_0608,2026-01-01 00:00:00+00:00,6.82,37,72,46,28,62,25,71.56,29,62.0,22,9,4,5,8,19,2022,3,45.0,51.85333333333333,68.0,62.666666666666664,4
CSE_0609,2026-01-01 00:00:00+00:00,7.52,40,44,24,82,67,3,39.52,75,32.0,17,10,5,3,5,73,2020,2,43.333333333333336,29.50666666666667,57.0,56.666666666666664,6
CSE_0610,2026-01-01 00:00:00+00:00,8.45,61,99,93,18,80,80,42.16,28,26.0,0,6,7,2,0,9,2022,0,71.83333333333333,22.72,37.5,34.41666666666667,4
CSE_0611,2026-01-01 00:00:00+00:00,5.2,59,55,72,65,40,15,34.68,2,78.0,34,12,10,5,2,87,2023,3,51.0,48.89333333333334,74.0,64.66666666666667,3
CSE_0612,2026-01-01 00:00:00+00:00,9.0,13,83,20,40,82,14,56.6,89,64.0,63,0,7,0,3,33,2019,2,42.0,61.199999999999996,25.0,31.666666666666668,7
CSE_0613,2026-01-01 00:00:00+00:00,8.14,88,81,83,44,4,98,45.4,56,48.0,57,8,6,1,8,60,2023,4,66.33333333333333,50.13333333333333,55.0,66.16666666666667,3
CSE_0614,2026-01-01 00:00:00+00:00,5.41,83,56,82,14,31,51,58.8,29,84.0,94,8,3,3,5,91,2021,3,52.833333333333336,78.93333333333334,48.0,46.16666666666667,5
CSE_0615,2026-01-01 00:00:00+00:00,9.37,1,20,82,2,85,68,64.8,8,52.0,58,4,5,5,3,26,2018,2,43.0,58.26666666666667,48.0,35.16666666666667,8
CSE_0616,2026-01-01 00:00:00+00:00,9.6,69,67,11,10,69,4,66.92,25,84.0,0,8,3,5,0,39,2019,0,38.333333333333336,50.30666666666667,43.5,27.416666666666668,7
CSE_0617,2026-01-01 00:00:00+00:00,5.31,16,49,36,52,34,19,89.28,1,44.0,2,9,6,2,7,64,2019,3,34.333333333333336,45.093333333333334,58.5,64.75,7
CSE_0618,2026-01-01 00:00:00+00:00,6.38,88,32,41,45,21,78,43.96,61,26.0,66,12,11,0,1,32,2018,2,50.833333333333336,45.32,54.0,63.83333333333333,8
CSE_0619,2026-01-01 00:00:00+00:00,9.03,27,90,16,29,64,17,46.24,2,94.0,36,14,12,4,7,67,2020,3,40.5,58.74666666666667,91.5,93.91666666666666,6
CSE_0620,2026-01-01 00:00:00+00:00,8.74,65,6,100,56,83,1,42.2,45,52.0,82,5,11,5,5,70,2023,0,51.833333333333336,58.73333333333333,70.0,62.49999999999999,3
CSE_0621,2026-01-01 00:00:00+00:00,5.92,34,69,47,17,21,92,72.28,67,84.0,28,14,12,1,7,8,2020,3,46.666666666666664,61.42666666666667,79.5,93.91666666666666,6
CSE_0622,2026-01-01 00:00:00+00:00,6.05,100,14,27,50,10,12,46.08,24,42.0,88,4,12,2,5,15,2020,3,35.5,58.69333333333333,58.5,63.083333333333336,6
CSE_0623,2026-01-01 00:00:00+00:00,6.85,4,81,40,47,76,3,93.76,50,72.0,32,12,10,5,4,4,2023,2,41.833333333333336,65.92,79.0,72.16666666666667,3
CSE_0624,2026-01-01 00:00:00+00:00,7.42,64,31,98,65,2,41,52.92,12,90.0,99,2,0,5,4,97,2021,1,50.166666666666664,80.64,34.0,19.666666666666668,5
CSE_0625,2026-01-01 00:00:00+00:00,8.09,39,74,46,95,8,73,69.96,43,24.0,60,10,4,2,7,22,2019,3,55.833333333333336,51.31999999999999,55.5,61.25,7
CSE_0626,2026-01-01 00:00:00+00:00,6.84,75,19,17,7,59,60,62.2,34,86.0,92,10,9,2,6,42,2022,1,39.5,80.06666666666666,65.5,72.08333333333333,4
CSE_0627,2026-01-01 00:00:00+00:00,7.31,55,87,77,21,75,94,43.32,54,66.0,89,7,11,3,7,88,2018,4,68.16666666666667,66.10666666666667,71.0,74.66666666666666,8
CSE_0628,2026-01-01 00:00:00+00:00,8.74,35,14,98,5,86,7,85.4,86,68.0,3,15,9,5,7,56,2019,3,40.833333333333336,52.13333333333333,90.0,87.5,7
CSE_0629,2026-01-01 00:00:00+00:00,5.18,44,47,70,75,13,66,35.92,8,62.0,13,3,3,4,6,50,2020,1,52.5,36.973333333333336,44.5,38.25,6
CSE_0630,2026-01-01 00:00:00+00:00,6.26,22,70,12,56,96,62,39.84,1,90.0,90,15,10,1,1,12,2018,4,53.0,73.28,61.5,67.91666666666667,8
CSE_0631,2026-01-01 00:00:00+00:00,8.57,46,20,81,35,17,8,51.24,60,24.0,32,9,6,0,8,23,2022,2,34.5,35.74666666666667,53.0,68.5,4
CSE_0632,2026-01-01 00:00:00+00:00,9.48,30,41,100,78,72,93,67.08,40,40.0,21,12,12,0,6,10,2019,3,69.0,42.69333333333333,69.0,85.5,7
CSE_0633,2026-01-01 00:00:00+00:00,7.56,10,25,12,91,22,10,81.96,43,90.0,47,14,8,4,5,51,2019,2,28.333333333333332,72.98666666666666,76.5,74.75,7
CSE_0634,2026-01-01 00:00:00+00:00,7.66,9,13,99,56,73,98,56.56,63,80.0,2,12,4,2,8,16,2021,4,58.0,46.18666666666667,62.0,69.66666666666666,5
CSE_0635,2026-01-01 00:00:00+00:00,5.54,66,56,30,48,82,100,56.68,30,22.0,86,2,3,2,0,36,2019,2,63.666666666666664,54.89333333333334,19.5,13.416666666666668,7
CSE_0636,2026-01-01 00:00:00+00:00,7.24,13,36,1,44,46,41,87.52,46,62.0,84,12,8,2,1,12,2019,2,30.166666666666668,77.83999999999999,54.5,55.08333333333333,7
CSE_0637,2026-01-01 00:00:00+00:00,7.66,79,57,15,81,68,12,46.68,1,62.0,22,5,4,5,0,61,2022,0,52.0,43.56,40.0,23.333333333333332,4
CSE_0638,2026-01-01 00:00:00+00:00,6.21,73,20,8,65,46,35,54.76,95,52.0,67,7,8,2,2,90,2022,4,41.166666666666664,57.919999999999995,47.0,47.166666666666664,4
CSE_0639,2026-01-01 00:00:00+00:00,6.35,92,81,72,76,86,12,55.56,81,44.0,20,12,7,2,4,83,2018,2,69.83333333333333,39.85333333333333,59.5,63.41666666666667,8
CSE_0640,2026-01-01 00:00:00+00:00,6.89,9,68,37,44,29,11,75.92,76,74.0,100,14,3,5,0,96,2020,1,33.0,83.30666666666667,55.5,41.416666666666664,6
CSE_0641,2026-01-01 00:00:00+00:00,5.1,75,2,74,78,24,36,74.6,68,36.0,42,8,10,5,3,95,2022,4,48.166666666666664,50.86666666666667,68.5,59.083333333333336,4
CSE_0642,2026-01-01 00:00:00+00:00,6.61,93,86,53,19,27,73,48.84,57,84.0,94,13,10,4,7,7,2018,0,58.5,75.61333333333333,84.5,85.75,8
CSE_0643,2026-01-01 00:00:00+00:00,6.06,0,89,55,63,97,72,65.4,43,84.0,84,5,6,3,5,55,2019,3,62.666666666666664,77.8,49.5,47.916666666666664,7
CSE_0644,2026-01-01 00:00:00+00:00,6.64,4,36,85,92,24,51,80.16,73,54.0,25,4,4,5,0,92,2018,2,48.666666666666664,53.053333333333335,38.0,21.0,8
CSE_0645,2026-01-01 00:00:00+00:00,5.6,19,87,96,92,73,70,53.76,55,42.0,40,11,9,1,0,82,2018,1,72.83333333333333,45.25333333333333,48.5,51.916666666666664,8
CSE_0646,2026-01-01 00:00:00+00:00,9.45,7,48,99,66,77,1,34.8,42,42.0,98,10,3,2,2,69,2018,0,49.666666666666664,58.26666666666667,40.5,39.58333333333333,8
CSE_0647,2026-01-01 00:00:00+00:00,7.97,42,18,86,82,57,55,95.64,88,58.0,37,1,4,3,7,43,2023,4,56.666666666666664,63.54666666666666,41.5,40.25,3
CSE_0648,2026-01-01 00:00:00+00:00,8.4,75,88,44,2,93,59,77.12,33,78.0,87,1,4,0,7,59,2018,2,60.166666666666664,80.70666666666666,29.5,40.25,8
CSE_0649,2026-01-01 00:00:00+00:00,8.95,0,84,33,53,40,22,80.92,100,48.0,10,8,10,4,2,40,2022,0,38.666666666666664,46.30666666666667,62.0,55.333333333333336,4
CSE_0650,2026-01-01 00:00:00+00:00,7.49,56,11,8,77,24,39,76.96,29,68.0,28,1,8,3,6,20,2024,0,35.833333333333336,57.65333333333333,49.0,48.166666666666664,2
CSE_0651,2026-01-01 00:00:00+00:00,5.43,63,60,87,63,77,63,62.68,70,50.0,59,1,11,5,2,85,2024,1,68.83333333333333,57.22666666666667,54.5,41.916666666666664,2
CSE_0652,2026-01-01 00:00:00+00:00,7.69,83,40,7,39,98,84,44.24,69,44.0,66,2,8,2,3,41,2024,3,58.5,51.413333333333334,39.5,39.25,2
CSE_0653,2026-01-01 00:00:00+00:00,7.93,27,32,6,58,47,22,47.04,54,22.0,64,15,5,2,8,73,2024,3,32.0,44.346666666666664,70.5,79.58333333333334,2
CSE_0654,2026-01-01 00:00:00+00:00,8.73,36,49,35,54,97,28,58.16,66,20.0,60,2,3,2,3,73,2023,3,49.833333333333336,46.053333333333335,27.0,24.666666666666668,3
CSE_0655,2026-01-01 00:00:00+00:00,7.16,46,67,17,61,9,77,59.08,12,38.0,18,3,1,3,2,28,2020,4,46.166666666666664,38.36,25.5,17.416666666666664,6
CSE_0656,2026-01-01 00:00:00+00:00,5.64,100,70,2,3,98,89,47.92,2,52.0,45,6,2,2,4,79,2018,0,60.333333333333336,48.30666666666667,35.0,34.83333333333333,8
CSE_0657,2026-01-01 00:00:00+00:00,6.42,75,85,27,59,74,50,40.8,25,88.0,48,8,1,5,6,64,2021,4,61.666666666666664,58.93333333333334,53.5,44.083333333333336,5
CSE_0658,2026-01-01 00:00:00+00:00,6.82,36,32,69,74,10,68,39.24,56,84.0,21,1,4,3,4,16,2024,0,48.166666666666664,48.080000000000005,34.0,29.0,2
CSE_0659,2026-01-01 00:00:00+00:00,8.23,48,80,43,94,84,94,44.24,23,42.0,77,3,5,2,3,29,2019,1,73.83333333333333,54.413333333333334,34.0,32.833333333333336,7
CSE_0660,2026-01-01 00:00:00+00:00,7.85,43,23,20,95,20,88,52.84,52,40.0,56,8,10,0,7,25,2024,1,48.166666666666664,49.61333333333334,58.5,74.08333333333334,2
CSE_0661,2026-01-01 00:00:00+00:00,6.78,55,60,27,90,85,30,88.76,69,38.0,13,13,4,0,3,52,2024,4,57.833333333333336,46.586666666666666,43.5,53.25,2
CSE_0662,2026-01-01 00:00:00+00:00,9.93,27,60,53,29,44,49,72.52,42,48.0,43,1,1,1,1,18,2019,4,43.666666666666664,54.50666666666666,11.0,9.0,7
CSE_0663,2026-01-01 00:00:00+00:00,8.03,78,97,53,1,6,19,32.12,59,60.0,15,9,11,2,5,52,2023,1,42.333333333333336,35.70666666666667,66.0,71.83333333333333,3
CSE_0664,2026-01-01 00:00:00+00:00,6.19,5,27,64,61,80,54,66.48,57,56.0,96,10,4,2,1,84,2019,2,48.5,72.82666666666667,40.5,38.75,7
CSE_0665,2026-01-01 00:00:00+00:00,5.51,60,57,99,48,63,80,65.88,48,38.0,76,12,8,3,2,16,2019,3,67.83333333333333,59.96,61.0,58.83333333333333,7
CSE_0666,2026-01-01 00:00:00+00:00,5.76,19,42,20,8,63,1,64.12,41,30.0,11,0,3,3,0,45,2023,3,25.5,35.04,19.5,8.75,3
CSE_0667,2026-01-01 00:00:00+00:00,6.23,77,40,98,91,1,24,84.16,75,22.0,54,9,11,2,4,84,2019,1,55.166666666666664,53.38666666666666,63.5,68.08333333333333,7
CSE_0668,2026-01-01 00:00:00+00:00,5.8,1,38,12,30,75,12,40.56,99,32.0,50,7,9,1,8,52,2018,3,28.0,40.85333333333333,60.5,72.58333333333333,8
CSE_0669,2026-01-01 00:00:00+00:00,5.93,72,85,56,97,41,91,70.84,65,76.0,38,8,1,2,1,63,2024,2,73.66666666666667,61.61333333333334,29.0,25.333333333333336,2
CSE_0670,2026-01-01 00:00:00+00:00,6.43,36,48,48,60,81,69,89.72,10,40.0,32,6,2,5,6,44,2020,2,57.0,53.906666666666666,52.0,42.33333333333333,6
CSE_0671,2026-01-01 00:00:00+00:00,5.87,19,16,53,78,53,66,36.0,97,58.0,32,7,2,3,4,48,2023,0,47.5,42.0,41.0,37.166666666666664,3
CSE_0672,2026-01-01 00:00:00+00:00,9.48,25,97,9,47,74,57,70.48,89,68.0,28,3,8,2,1,18,2021,4,51.5,55.49333333333334,36.5,34.08333333333333,5
CSE_0673,2026-01-01 00:00:00+00:00,5.4,28,69,52,24,15,98,93.76,17,90.0,68,15,3,3,7,70,2023,3,47.666666666666664,83.92,67.0,70.0,3
CSE_0674,2026-01-01 00:00:00+00:00,7.62,0,69,43,35,17,81,54.88,84,92.0,69,3,0,2,5,80,2022,2,40.833333333333336,71.96,26.5,25.75,4
CSE_0675,2026-01-01 00:00:00+00:00,7.05,34,97,46,7,98,74,85.28,99,80.0,30,12,0,4,3,64,2021,4,59.333333333333336,65.09333333333333,47.5,39.25,5
CSE_0676,2026-01-01 00:00:00+00:00,9.91,69,64,52,72,58,83,58.28,51,22.0,79,1,6,3,3,36,2022,4,66.33333333333333,53.093333333333334,36.5,31.083333333333332,4
CSE_0677,2026-01-01 00:00:00+00:00,5.56,100,73,73,57,89,63,69.52,45,66.0,30,7,6,1,1,69,2023,0,75.83333333333333,55.173333333333325,35.5,37.58333333333333,3
CSE_0678,2026-01-01 00:00:00+00:00,6.99,58,84,45,100,15,68,93.32,43,82.0,88,14,1,4,2,25,2022,4,61.666666666666664,87.77333333333333,51.5,43.08333333333333,4
CSE_0679,2026-01-01 00:00:00+00:00,9.85,68,4,12,44,5,82,75.44,21,22.0,45,10,8,5,6,1,2021,4,35.833333333333336,47.48,75.0,69.16666666666666,5
CSE_0680,2026-01-01 00:00:00+00:00,9.33,32,1,36,61,56,85,41.0,52,64.0,96,1,8,2,2,58,2018,1,45.166666666666664,67.0,35.0,33.166666666666664,8
CSE_0681,2026-01-01 00:00:00+00:00,9.09,50,21,23,38,46,58,36.16,58,88.0,76,8,4,5,4,95,2023,0,39.333333333333336,66.72,56.0,45.333333333333336,3
CSE_0682,2026-01-01 00:00:00+00:00,6.29,77,56,1,95,47,59,62.84,93,58.0,51,13,2,3,5,4,2023,0,55.833333333333336,57.28,55.5,54.91666666666667,3
CSE_0683,2026-01-01 00:00:00+00:00,5.85,11,65,85,57,41,82,89.92,29,20.0,9,3,2,4,5,36,2019,3,56.833333333333336,39.64,39.5,31.583333333333332,7
CSE_0684,2026-01-01 00:00:00+00:00,8.34,19,73,80,80,75,61,83.12,7,20.0,87,0,11,5,3,30,2023,4,64.66666666666667,63.373333333333335,55.0,43.33333333333333,3
CSE_0685,2026-01-01 00:00:00+00:00,9.65,52,97,99,98,59,15,49.12,97,54.0,73,12,2,1,5,75,2024,3,70.0,58.70666666666667,45.5,52.583333333333336,2
CSE_0686,2026-01-01 00:00:00+00:00,7.78,87,15,13,100,76,87,49.32,56,32.0,40,3,5,3,2,98,2024,2,63.0,40.44,35.5,29.083333333333336,2
CSE_0687,2026-01-01 00:00:00+00:00,7.86,42,50,9,82,3,67,81.2,72,74.0,94,2,3,4,6,93,2023,4,42.166666666666664,83.06666666666666,42.5,35.91666666666667,3
CSE_0688,2026-01-01 00:00:00+00:00,6.4,97,38,34,63,1,14,74.04,19,76.0,76,11,7,5,6,47,2018,2,41.166666666666664,75.34666666666668,74.5,68.58333333333333,8
CSE_0689,2026-01-01 00:00:00+00:00,8.85,88,85,24,43,89,88,59.24,24,34.0,2,5,12,4,3,5,2019,1,69.5,31.74666666666667,63.5,57.916666666666664,7
CSE_0690,2026-01-01 00:00:00+00:00,5.94,49,75,2,28,58,54,86.36,18,92.0,58,15,10,4,1,14,2020,4,44.333333333333336,78.78666666666668,73.5,67.91666666666667,6
CSE_0691,2026-01-01 00:00:00+00:00,6.62,28,87,16,58,26,34,55.48,4,56.0,51,6,12,5,6,14,2022,3,41.5,54.16,77.0,71.5,4
CSE_0692,2026-01-01 00:00:00+00:00,7.13,56,39,11,70,26,54,75.68,74,32.0,33,7,10,0,2,60,2021,3,42.666666666666664,46.89333333333334,44.0,53.0,5
CSE_0693,2026-01-01 00:00:00+00:00,7.54,38,37,53,91,78,13,66.6,78,82.0,48,1,10,2,0,15,2020,4,51.666666666666664,65.53333333333333,35.0,31.5,6
CSE_0694,2026-01-01 00:00:00+00:00,6.21,94,59,23,8,71,48,61.8,71,84.0,27,5,4,3,1,19,2019,3,50.5,57.6,34.5,27.083333333333332,7
CSE_0695,2026-01-01 00:00:00+00:00,5.57,55,58,28,91,6,82,93.44,82,72.0,82,14,0,3,8,76,2024,4,53.333333333333336,82.48,60.0,62.666666666666664,2
CSE_0696,2026-01-01 00:00:00+00:00,8.05,42,9,42,5,62,99,79.6,86,88.0,86,5,8,3,7,43,2024,0,43.166666666666664,84.53333333333333,59.5,61.25,2
CSE_0697,2026-01-01 00:00:00+00:00,6.44,49,98,24,28,45,6,66.52,26,78.0,95,9,0,4,5,41,2024,3,41.666666666666664,79.83999999999999,46.5,39.75,2
CSE_0698,2026-01-01 00:00:00+00:00,7.91,22,63,99,57,62,29,46.68,39,90.0,12,11,5,5,5,45,2018,4,55.333333333333336,49.56,67.0,59.0,8
CSE_0699,2026-01-01 00:00:00+00:00,5.77,43,62,59,16,11,82,42.0,95,54.0,96,4,0,2,0,94,2024,4,45.5,64.0,16.0,9.333333333333334,2
CSE_0700,2026-01-01 00:00:00+00:00,7.41,37,48,89,15,12,48,66.32,25,80.0,97,9,2,1,1,33,2021,3,41.5,81.10666666666667,29.5,30.583333333333332,5
CSE_0701,2026-01-01 00:00:00+00:00,7.66,83,63,64,86,42,88,66.2,26,100.0,96,9,9,3,3,63,2022,0,71.0,87.39999999999999,60.0,58.5,4
CSE_0702,2026-01-01 00:00:00+00:00,5.26,22,31,83,94,16,15,79.72,61,78.0,68,6,4,5,2,28,2023,3,43.5,75.24,47.0,33.166666666666664,3
CSE_0703,2026-01-01 00:00:00+00:00,6.68,44,6,27,2,62,50,76.52,82,30.0,66,2,9,2,0,2,2023,4,31.833333333333332,57.50666666666666,34.5,30.916666666666668,3
CSE_0704,2026-01-01 00:00:00+00:00,5.67,51,20,15,20,80,71,54.4,49,62.0,60,15,6,2,7,8,2020,0,42.833333333333336,58.800000000000004,70.5,78.75,6
CSE_0705,2026-01-01 00:00:00+00:00,5.32,79,19,46,63,35,81,90.76,41,66.0,59,3,9,0,6,74,2022,2,53.833333333333336,71.92,43.5,55.75,4
CSE_0706,2026-01-01 00:00:00+00:00,9.95,49,25,80,89,84,91,43.72,28,34.0,70,9,7,5,3,74,2019,1,69.66666666666667,49.24,63.0,52.66666666666667,7
CSE_0707,2026-01-01 00:00:00+00:00,6.61,7,67,91,35,7,79,68.72,38,98.0,23,12,11,3,8,24,2022,3,47.666666666666664,63.24,83.5,90.08333333333333,4
CSE_0708,2026-01-01 00:00:00+00:00,9.05,84,85,57,100,68,82,78.92,59,34.0,62,8,8,4,3,85,2018,4,79.33333333333333,58.30666666666667,59.5,53.25,8
CSE_0709,2026-01-01 00:00:00+00:00,6.27,0,14,75,85,89,41,78.2,40,34.0,85,3,5,2,0,41,2020,0,50.666666666666664,65.73333333333333,26.5,21.583333333333336,6
CSE_0710,2026-01-01 00:00:00+00:00,8.41,7,84,26,61,79,16,49.28,32,94.0,60,2,10,2,0,45,2020,0,45.5,67.76,37.0,33.833333333333336,6
CSE_0711,2026-01-01 00:00:00+00:00,8.8,28,78,52,41,35,62,34.32,82,58.0,22,13,8,1,0,72,2018,2,49.333333333333336,38.10666666666666,50.0,53.66666666666667,8
CSE_0712,2026-01-01 00:00:00+00:00,7.98,95,85,41,75,27,44,70.72,100,26.0,29,1,7,0,0,83,2022,3,61.166666666666664,41.906666666666666,19.5,22.75,4
CSE_0713,2026-01-01 00:00:00+00:00,7.36,4,91,58,41,92,76,65.4,82,68.0,59,4,8,2,3,58,2024,0,60.333333333333336,64.13333333333334,43.5,43.916666666666664,2
CSE_0714,2026-01-01 00:00:00+00:00,7.06,85,13,46,60,46,6,39.92,96,68.0,17,3,9,2,0,20,2018,2,42.666666666666664,41.64,36.5,33.25,8
CSE_0715,2026-01-01 00:00:00+00:00,6.74,46,26,93,12,75,26,40.56,15,26.0,95,12,3,4,1,73,2024,4,46.333333333333336,53.85333333333333,50.0,40.5,2
CSE_0716,2026-01-01 00:00:00+00:00,9.65,33,39,33,10,100,9,67.88,22,98.0,55,12,8,4,3,21,2021,2,37.333333333333336,73.62666666666667,67.5,62.58333333333333,5
CSE_0717,2026-01-01 00:00:00+00:00,9.15,64,57,36,53,29,33,95.36,6,64.0,52,7,6,1,6,28,2018,3,45.333333333333336,70.45333333333333,48.0,56.33333333333333,8
CSE_0718,2026-01-01 00:00:00+00:00,9.83,54,27,5,15,22,35,50.84,25,64.0,6,6,4,5,1,62,2024,2,26.333333333333332,40.28,44.5,29.416666666666664,2
CSE_0719,2026-01-01 00:00:00+00:00,5.62,89,25,6,7,15,24,41.84,95,62.0,96,5,4,1,7,72,2022,0,27.666666666666668,66.61333333333333,41.5,49.58333333333333,4
CSE_0720,2026-01-01 00:00:00+00:00,8.65,42,62,95,58,13,5,47.24,11,68.0,68,10,0,1,6,60,2024,0,45.833333333333336,61.080000000000005,39.0,45.83333333333333,2
CSE_0721,2026-01-01 00:00:00+00:00,9.69,73,65,95,56,73,23,71.6,71,42.0,91,15,1,4,8,63,2018,1,64.16666666666667,68.2,68.5,67.91666666666666,8
CSE_0722,2026-01-01 00:00:00+00:00,5.91,29,24,24,39,70,17,82.48,4,42.0,71,11,9,5,5,68,2019,2,33.833333333333336,65.16000000000001,77.0,70.66666666666666,7
CSE_0723,2026-01-01 00:00:00+00:00,5.33,81,2,32,58,51,86,69.04,91,60.0,78,1,2,4,3,39,2023,4,51.666666666666664,69.01333333333334,30.5,19.416666666666664,3
CSE_0724,2026-01-01 00:00:00+00:00,8.71,16,71,54,1,36,5,87.6,68,84.0,51,2,7,0,5,74,2018,3,30.5,74.2,34.0,43.833333333333336,8
CSE_0725,2026-01-01 00:00:00+00:00,7.87,25,43,57,93,28,28,79.64,48,24.0,3,9,5,3,3,0,2023,1,45.666666666666664,35.54666666666667,50.0,46.833333333333336,3
CSE_0726,2026-01-01 00:00:00+00:00,9.21,7,96,6,93,66,24,54.36,25,68.0,33,8,11,3,6,64,2018,2,48.666666666666664,51.78666666666667,70.5,73.25,8
CSE_0727,2026-01-01 00:00:00+00:00,5.7,46,41,56,75,14,54,74.96,4,84.0,68,12,9,0,8,61,2022,4,47.666666666666664,75.65333333333332,66.5,84.25,4
CSE_0728,2026-01-01 00:00:00+00:00,8.98,75,98,11,9,99,80,59.52,21,32.0,32,8,10,3,2,53,2021,1,62.0,41.17333333333334,58.0,55.333333333333336,5
CSE_0729,2026-01-01 00:00:00+00:00,6.01,90,5,15,43,46,45,47.16,78,22.0,68,14,12,5,2,59,2021,0,40.666666666666664,45.72,83.0,75.16666666666666,5
CSE_0730,2026-01-01 00:00:00+00:00,5.82,71,38,79,10,45,23,50.92,12,46.0,37,4,4,4,1,45,2023,3,44.333333333333336,44.64000000000001,36.5,24.75,3
CSE_0731,2026-01-01 00:00:00+00:00,5.82,88,51,42,78,51,74,76.12,27,68.0,97,13,12,3,0,4,2022,2,64.0,80.37333333333333,68.0,65.33333333333334,4
CSE_0732,2026-01-01 00:00:00+00:00,9.07,45,22,99,79,18,25,59.84,32,32.0,25,2,0,5,0,21,2024,4,48.0,38.946666666666665,24.0,4.666666666666667,2
CSE_0733,2026-01-01 00:00:00+00:00,8.33,67,88,76,80,76,97,87.6,22,54.0,0,1,11,4,2,89,2022,0,80.66666666666667,47.199999999999996,50.5,41.916666666666664,4
CSE_0734,2026-01-01 00:00:00+00:00,7.62,32,49,6,89,20,27,91.36,96,64.0,3,7,10,5,6,52,2022,1,37.166666666666664,52.78666666666667,74.0,68.0,4
CSE_0735,2026-01-01 00:00:00+00:00,6.79,0,42,99,1,63,2,68.4,17,68.0,38,14,11,0,8,69,2019,3,34.5,58.13333333333333,75.5,94.75,7
CSE_0736,2026-01-01 00:00:00+00:00,9.39,18,18,50,49,36,74,94.48,29,42.0,53,5,8,1,1,31,2020,1,40.833333333333336,63.160000000000004,36.5,38.75,6
CSE_0737,2026-01-01 00:00:00+00:00,6.96,30,68,72,11,26,37,91.0,25,52.0,89,9,2,0,6,10,2018,1,40.666666666666664,77.33333333333333,38.0,49.33333333333333,8
CSE_0738,2026-01-01 00:00:00+00:00,9.08,79,50,31,89,54,60,91.48,15,82.0,32,10,2,3,0,9,2022,4,60.5,68.49333333333334,37.0,29.166666666666664,4
CSE_0739,2026-01-01 00:00:00+00:00,7.2,13,10,74,22,28,77,70.36,76,96.0,32,11,1,4,1,38,2022,0,37.333333333333336,66.12,43.0,32.33333333333333,4
CSE_0740,2026-01-01 00:00:00+00:00,6.88,52,11,7,17,19,50,51.08,38,88.0,71,6,3,5,5,97,2022,2,26.0,70.02666666666666,52.0,41.5,4
CSE_0741,2026-01-01 00:00:00+00:00,7.31,47,73,96,61,24,89,72.12,32,66.0,19,0,11,3,4,30,2021,4,65.0,52.373333333333335,49.5,47.08333333333333,5
CSE_0742,2026-01-01 00:00:00+00:00,6.51,68,7,86,95,69,47,69.0,25,52.0,15,0,1,3,7,11,2022,3,62.0,45.333333333333336,32.0,29.166666666666668,4
CSE_0743,2026-01-01 00:00:00+00:00,8.74,89,23,88,61,62,20,89.72,47,46.0,20,15,12,1,1,79,2018,1,57.166666666666664,51.906666666666666,66.5,73.75,8
CSE_0744,2026-01-01 00:00:00+00:00,7.51,61,91,71,37,35,53,60.24,64,30.0,44,9,8,3,0,37,2024,3,58.0,44.74666666666667,50.0,44.33333333333333,2
CSE_0745,2026-01-01 00:00:00+00:00,6.16,91,40,44,66,1,55,81.48,37,28.0,89,1,11,1,6,66,2024,4,49.5,66.16000000000001,48.5,56.916666666666664,2
CSE_0746,2026-01-01 00:00:00+00:00,9.5,65,35,85,37,21,93,87.68,1,76.0,86,9,9,4,5,65,2022,4,56.0,83.22666666666667,69.0,66.0,4
CSE_0747,2026-01-01 00:00:00+00:00,6.92,63,100,58,66,95,58,66.12,5,40.0,81,14,6,4,7,51,2018,2,73.33333333333333,62.373333333333335,76.5,76.41666666666666,8
CSE_0748,2026-01-01 00:00:00+00:00,7.72,69,84,3,93,15,71,77.48,45,40.0,61,2,7,5,7,4,2019,1,55.833333333333336,59.49333333333334,59.0,51.333333333333336,7
CSE_0749,2026-01-01 00:00:00+00:00,9.53,62,71,66,60,17,50,72.64,49,100.0,30,11,2,1,1,10,2024,4,54.333333333333336,67.54666666666667,33.5,35.25,2
CSE_0750,2026-01-01 00:00:00+00:00,8.12,72,54,28,0,68,19,62.12,37,36.0,41,0,5,0,7,24,2020,3,40.166666666666664,46.373333333333335,30.0,40.833333333333336,6
CSE_0751,2026-01-01 00:00:00+00:00,5.58,32,8,28,93,53,95,52.08,87,32.0,11,13,9,4,5,34,2021,2,51.5,31.69333333333333,77.0,75.33333333333334,5
CSE_0752,2026-01-01 00:00:00+00:00,9.7,40,46,97,44,99,85,64.64,17,28.0,64,4,5,5,8,34,2018,3,68.5,52.21333333333333,60.5,53.91666666666667,8
CSE_0753,2026-01-01 00:00:00+00:00,8.14,88,14,97,95,29,58,55.48,26,66.0,72,14,12,0,6,21,2024,1,63.5,64.49333333333333,73.0,90.16666666666666,2
CSE_0754,2026-01-01 00:00:00+00:00,6.67,47,47,27,27,44,70,85.36,40,70.0,2,14,0,4,1,36,2024,2,43.666666666666664,52.45333333333334,46.5,36.416666666666664,2
CSE_0755,2026-01-01 00:00:00+00:00,5.7,12,81,76,20,18,8,91.68,71,50.0,89,2,5,4,7,85,2023,2,35.833333333333336,76.89333333333333,50.0,45.5,3
CSE_0756,2026-01-01 00:00:00+00:00,8.97,72,41,78,12,86,0,60.28,91,62.0,8,0,12,5,8,54,2019,2,48.166666666666664,43.42666666666667,70.0,65.0,7
CSE_0757,2026-01-01 00:00:00+00:00,8.1,76,59,86,26,33,28,74.68,73,84.0,50,7,2,5,6,74,2020,0,51.333333333333336,69.56,54.0,44.666666666666664,6
CSE_0758,2026-01-01 00:00:00+00:00,7.67,30,83,43,99,12,62,89.52,16,86.0,15,11,10,2,3,95,2020,2,54.833333333333336,63.50666666666666,62.5,66.08333333333333,6
CSE_0759,2026-01-01 00:00:00+00:00,9.47,74,69,89,6,42,71,82.76,61,96.0,87,10,2,3,8,98,2020,3,58.5,88.58666666666666,57.0,59.166666666666664,6
CSE_0760,2026-01-01 00:00:00+00:00,8.94,67,11,3,21,61,55,76.28,28,86.0,77,5,2,3,3,94,2018,3,36.333333333333336,79.76,34.5,28.75,8
CSE_0761,2026-01-01 00:00:00+00:00,5.76,97,1,89,73,92,67,40.24,57,66.0,2,8,9,0,3,71,2019,1,69.83333333333333,36.080000000000005,46.0,56.16666666666667,7
CSE_0762,2026-01-01 00:00:00+00:00,6.56,3,6,8,52,99,34,38.0,69,34.0,97,2,10,3,8,63,2022,4,33.666666666666664,56.333333333333336,61.0,63.833333333333336,4
CSE_0763,2026-01-01 00:00:00+00:00,6.24,18,79,4,78,21,2,58.68,77,28.0,96,8,10,0,7,19,2023,4,33.666666666666664,60.89333333333334,58.5,74.08333333333334,3
CSE_0764,2026-01-01 00:00:00+00:00,8.72,69,2,55,78,51,6,53.08,21,24.0,23,8,9,4,3,97,2019,0,43.5,33.36,62.0,56.16666666666667,7
CSE_0765,2026-01-01 00:00:00+00:00,5.17,97,2,95,3,51,26,38.56,5,74.0,72,15,10,2,7,3,2019,2,45.666666666666664,61.52,80.5,90.41666666666667,7
CSE_0766,2026-01-01 00:00:00+00:00,7.85,81,26,83,95,35,0,68.64,25,84.0,12,14,7,2,7,17,2024,0,53.333333333333336,54.879999999999995,71.0,79.33333333333333,2
CSE_0767,2026-01-01 00:00:00+00:00,8.81,12,39,49,22,72,90,78.72,38,60.0,1,11,12,4,6,50,2019,1,47.333333333333336,46.57333333333333,83.0,83.16666666666666,7
CSE_0768,2026-01-01 00:00:00+00:00,9.38,22,32,74,69,18,79,72.36,11,24.0,70,14,4,5,5,67,2018,1,49.0,55.45333333333334,70.5,63.08333333333333,8
CSE_0769,2026-01-01 00:00:00+00:00,6.71,82,91,14,87,37,70,33.44,98,62.0,20,12,3,1,7,19,2023,4,63.5,38.48,53.0,63.0,3
CSE_0770,2026-01-01 00:00:00+00:00,9.11,74,0,31,83,69,43,45.28,13,94.0,18,11,12,1,6,8,2018,1,50.0,52.42666666666667,71.0,83.16666666666666,8
CSE_0771,2026-01-01 00:00:00+00:00,5.55,0,7,27,100,78,86,48.08,21,68.0,88,0,8,3,4,79,2023,2,49.666666666666664,68.02666666666666,42.0,38.33333333333333,3
CSE_0772,2026-01-01 00:00:00+00:00,9.23,87,100,21,83,56,40,48.52,50,84.0,46,2,8,5,3,25,2023,3,64.5,59.50666666666667,51.5,39.25,3
CSE_0773,2026-01-01 00:00:00+00:00,5.64,53,31,16,75,19,74,33.76,22,84.0,21,5,0,0,1,24,2024,1,44.666666666666664,46.25333333333333,12.5,15.416666666666666,2
CSE_0774,2026-01-01 00:00:00+00:00,6.99,70,47,58,32,8,41,89.0,47,94.0,74,7,1,2,7,67,2018,0,42.666666666666664,85.66666666666667,42.0,45.5,8
CSE_0775,2026-01-01 00:00:00+00:00,8.99,88,100,89,27,31,32,40.2,70,82.0,32,3,7,3,8,40,2023,2,61.166666666666664,51.4,55.5,57.41666666666667,3
CSE_0776,2026-01-01 00:00:00+00:00,5.75,84,3,70,7,3,49,34.44,49,80.0,31,4,4,4,3,58,2019,1,36.0,48.48,41.5,32.25,7
CSE_0777,2026-01-01 00:00:00+00:00,6.15,14,93,56,0,49,62,48.76,88,38.0,63,8,6,5,3,44,2018,1,45.666666666666664,49.919999999999995,58.5,47.41666666666667,8
CSE_0778,2026-01-01 00:00:00+00:00,8.61,64,69,25,36,81,99,66.68,12,24.0,84,5,0,2,4,40,2023,2,62.333333333333336,58.22666666666667,28.0,26.666666666666664,3
CSE_0779,2026-01-01 00:00:00+00:00,8.6,75,18,24,62,4,36,91.64,84,62.0,38,11,11,0,1,37,2020,1,36.5,63.879999999999995,52.0,61.49999999999999,6
CSE_0780,2026-01-01 00:00:00+00:00,8.21,70,31,9,21,19,58,64.76,9,30.0,83,6,9,0,6,18,2018,3,34.666666666666664,59.25333333333333,49.5,62.75,8
CSE_0781,2026-01-01 00:00:00+00:00,8.47,14,8,44,69,86,80,32.72,54,96.0,71,6,11,1,4,13,2024,4,50.166666666666664,66.57333333333334,53.5,61.08333333333333,2
CSE_0782,2026-01-01 00:00:00+00:00,7.71,20,11,82,20,74,98,46.56,8,44.0,41,3,4,3,5,20,2021,2,50.833333333333336,43.85333333333333,40.5,37.416666666666664,5
CSE_0783,2026-01-01 00:00:00+00:00,6.26,18,10,10,95,36,47,84.92,78,88.0,100,3,10,4,3,14,2018,0,36.0,90.97333333333334,54.5,47.41666666666667,8
CSE_0784,2026-01-01 00:00:00+00:00,6.73,59,45,76,34,21,4,73.2,51,52.0,8,3,11,2,7,2,2018,1,39.833333333333336,44.4,59.0,65.33333333333333,8
CSE_0785,2026-01-01 00:00:00+00:00,5.91,92,15,52,78,57,47,49.08,1,46.0,24,13,2,0,7,36,2018,4,56.833333333333336,39.693333333333335,48.5,62.41666666666667,8
CSE_0786,2026-01-01 00:00:00+00:00,9.54,88,0,71,4,67,95,77.6,24,94.0,88,14,9,2,4,45,2023,0,54.166666666666664,86.53333333333335,68.5,73.91666666666666,3
CSE_0787,2026-01-01 00:00:00+00:00,7.92,32,62,67,59,92,2,55.16,12,50.0,96,10,11,4,5,15,2018,0,52.333333333333336,67.05333333333333,76.0,74.16666666666666,8
CSE_0788,2026-01-01 00:00:00+00:00,7.0,48,20,94,45,43,46,93.2,97,52.0,1,4,11,2,2,13,2021,3,49.333333333333336,48.73333333333333,48.5,48.916666666666664,5
CSE_0789,2026-01-01 00:00:00+00:00,7.31,95,29,27,49,33,61,53.8,50,28.0,18,4,1,3,0,8,2022,4,49.0,33.266666666666666,22.5,12.25,4
CSE_0790,2026-01-01 00:00:00+00:00,9.74,34,12,74,47,76,98,44.96,57,74.0,19,7,1,1,8,6,2018,2,56.833333333333336,45.98666666666667,40.5,49.25,8
CSE_0791,2026-01-01 00:00:00+00:00,5.77,43,33,64,5,41,13,34.16,33,44.0,92,8,8,2,8,13,2020,4,33.166666666666664,56.72,64.0,72.0,6
CSE_0792,2026-01-01 00:00:00+00:00,7.93,89,3,48,88,8,62,63.08,34,66.0,69,1,12,5,2,5,2021,4,49.666666666666664,66.02666666666666,57.0,44.833333333333336,5
CSE_0793,2026-01-01 00:00:00+00:00,7.53,10,27,46,55,94,60,71.64,2,68.0,16,10,3,1,3,84,2022,0,48.666666666666664,51.879999999999995,39.0,43.33333333333333,4
CSE_0794,2026-01-01 00:00:00+00:00,8.06,98,94,51,58,6,30,33.64,58,78.0,88,6,3,4,6,14,2023,3,56.166666666666664,66.54666666666667,50.5,45.25,3
CSE_0795,2026-01-01 00:00:00+00:00,5.09,71,58,87,28,67,94,84.8,69,80.0,67,0,6,1,1,51,2018,3,67.5,77.26666666666667,21.5,21.25,8
CSE_0796,2026-01-01 00:00:00+00:00,9.36,77,26,53,70,18,16,41.2,47,62.0,93,15,9,2,2,71,2022,4,43.333333333333336,65.39999999999999,65.5,68.75,4
CSE_0797,2026-01-01 00:00:00+00:00,9.66,73,68,59,76,93,23,50.08,63,46.0,83,0,9,2,5,33,2020,4,65.33333333333333,59.69333333333333,43.0,45.0,6
CSE_0798,2026-01-01 00:00:00+00:00,7.83,65,24,56,17,30,22,47.72,18,86.0,2,3,12,5,7,0,2021,1,35.666666666666664,45.24,73.5,68.25,5
CSE_0799,2026-01-01 00:00:00+00:00,8.48,45,2,46,1,34,81,93.8,66,44.0,86,9,1,0,0,95,2021,0,34.833333333333336,74.60000000000001,20.5,23.916666666666668,5
CSE_0800,2026-01-01 00:00:00+00:00,9.61,8,96,30,7,56,49,87.24,81,60.0,50,6,2,5,3,68,2023,2,41.0,65.74666666666667,44.5,31.083333333333332,3
CSE_0801,2026-01-01 00:00:00+00:00,8.54,2,67,45,74,84,77,90.68,72,52.0,81,1,2,2,0,93,2023,2,58.166666666666664,74.56,15.0,8.166666666666666,3
CSE_0802,2026-01-01 00:00:00+00:00,5.76,84,24,25,96,60,78,78.04,75,88.0,25,10,5,1,1,85,2023,3,61.166666666666664,63.68000000000001,39.0,41.666666666666664,3
CSE_0803,2026-01-01 00:00:00+00:00,7.88,25,19,4,53,30,78,59.6,4,54.0,55,1,2,5,7,19,2022,0,34.833333333333336,56.199999999999996,44.5,34.416666666666664,4
CSE_0804,2026-01-01 00:00:00+00:00,8.03,71,33,83,37,82,69,89.12,66,50.0,99,0,10,5,5,79,2018,3,62.5,79.37333333333333,57.5,47.91666666666667,8
CSE_0805,2026-01-01 00:00:00+00:00,7.12,47,25,51,47,94,26,47.64,10,76.0,63,9,4,0,8,6,2019,2,48.333333333333336,62.21333333333333,48.0,62.666666666666664,7
CSE_0806,2026-01-01 00:00:00+00:00,8.68,65,4,74,26,52,14,80.64,93,68.0,7,1,3,2,1,6,2021,4,39.166666666666664,51.879999999999995,20.0,14.833333333333334,5
CSE_0807,2026-01-01 00:00:00+00:00,9.67,69,98,53,19,31,49,56.12,67,28.0,80,12,2,2,2,49,2019,0,53.166666666666664,54.70666666666667,42.0,41.333333333333336,7
CSE_0808,2026-01-01 00:00:00+00:00,9.63,27,60,32,11,65,35,67.2,68,60.0,94,14,7,4,8,1,2024,0,38.333333333333336,73.73333333333333,81.5,83.08333333333333,2
CSE_0809,2026-01-01 00:00:00+00:00,7.25,92,91,49,42,58,7,76.04,0,78.0,36,6,9,0,8,46,2021,1,56.5,63.34666666666667,54.5,70.25,5
CSE_0810,2026-01-01 00:00:00+00:00,5.57,25,92,37,60,9,78,35.36,90,100.0,96,8,2,4,5,13,2023,4,50.166666666666664,77.12,49.5,43.25,3
CSE_0811,2026-01-01 00:00:00+00:00,9.92,24,8,26,30,1,2,74.12,91,70.0,26,5,5,4,2,30,2018,4,15.166666666666666,56.70666666666667,43.5,33.75,8
CSE_0812,2026-01-01 00:00:00+00:00,9.19,11,49,97,90,65,61,33.92,62,50.0,44,9,12,4,4,49,2018,3,62.166666666666664,42.64,74.0,71.0,8
CSE_0813,2026-01-01 00:00:00+00:00,5.62,4,5,14,95,59,46,78.72,28,38.0,3,1,6,3,1,60,2021,0,37.166666666666664,39.906666666666666,31.5,23.583333333333332,5
CSE_0814,2026-01-01 00:00:00+00:00,9.6,97,82,95,60,87,76,34.72,81,90.0,85,11,6,4,6,40,2022,3,82.83333333333333,69.90666666666667,68.0,65.66666666666666,4
CSE_0815,2026-01-01 00:00:00+00:00,9.35,47,59,60,73,16,97,75.24,11,86.0,89,14,1,5,7,13,2024,4,58.666666666666664,83.41333333333334,68.0,61.83333333333333,2
CSE_0816,2026-01-01 00:00:00+00:00,7.59,36,43,20,66,95,87,59.84,76,38.0,95,9,2,1,5,4,2023,1,57.833333333333336,64.28,39.5,45.58333333333333,3
CSE_0817,2026-01-01 00:00:00+00:00,7.96,78,10,45,90,15,95,95.88,40,36.0,87,14,11,5,7,74,2018,0,55.5,72.96,93.0,91.0,8
CSE_0818,2026-01-01 00:00:00+00:00,7.0,43,65,68,34,15,60,51.12,1,78.0,98,9,9,5,1,4,2024,4,47.5,75.70666666666666,63.0,51.0,2
CSE_0819,2026-01-01 00:00:00+00:00,5.27,99,46,5,94,45,31,64.76,36,46.0,36,12,9,2,2,63,2024,1,53.333333333333336,48.919999999999995,59.5,61.75,2
CSE_0820,2026-01-01 00:00:00+00:00,6.68,14,72,37,14,38,93,90.72,44,44.0,95,8,3,3,6,28,2018,2,44.666666666666664,76.57333333333334,50.5,49.91666666666667,8
CSE_0821,2026-01-01 00:00:00+00:00,9.01,42,84,61,15,30,12,84.76,79,32.0,70,6,6,4,0,74,2020,4,40.666666666666664,62.25333333333333,43.0,31.5,6
CSE_0822,2026-01-01 00:00:00+00:00,5.02,47,87,85,12,87,0,79.76,47,42.0,32,10,1,2,6,4,2024,2,53.0,51.25333333333333,45.5,48.75,2
CSE_0823,2026-01-01 00:00:00+00:00,6.67,86,97,61,34,0,33,95.92,23,54.0,30,0,2,0,5,95,2018,3,51.833333333333336,59.973333333333336,17.5,24.583333333333332,8
CSE_0824,2026-01-01 00:00:00+00:00,6.99,69,85,81,74,10,61,37.84,98,78.0,54,11,6,0,7,35,2020,2,63.333333333333336,56.61333333333334,54.5,69.41666666666666,6
CSE_0825,2026-01-01 00:00:00+00:00,7.69,45,2,77,58,84,78,92.28,21,46.0,11,8,6,2,6,78,2018,4,57.333333333333336,49.76,54.0,58.66666666666667,8
CSE_0826,2026-01-01 00:00:00+00:00,9.6,42,75,73,20,3,77,85.16,99,46.0,10,1,9,1,3,18,2018,2,48.333333333333336,47.053333333333335,36.0,39.83333333333333,8
CSE_0827,2026-01-01 00:00:00+00:00,6.73,20,91,45,53,70,92,72.6,10,42.0,87,3,2,2,2,63,2024,0,61.833333333333336,67.2,24.0,20.333333333333332,2
CSE_0828,2026-01-01 00:00:00+00:00,6.73,22,29,12,74,25,97,56.32,57,58.0,71,8,11,2,2,21,2022,4,43.166666666666664,61.77333333333333,56.5,58.25,4
CSE_0829,2026-01-01 00:00:00+00:00,8.69,79,89,94,29,49,81,49.8,45,34.0,31,15,0,3,3,33,2022,1,70.16666666666667,38.266666666666666,49.5,46.25,4
CSE_0830,2026-01-01 00:00:00+00:00,7.26,46,20,93,47,11,70,40.8,28,58.0,56,3,11,0,8,55,2023,2,47.833333333333336,51.6,53.5,69.08333333333333,3
CSE_0831,2026-01-01 00:00:00+00:00,6.12,14,27,2,34,94,92,95.12,34,76.0,37,15,2,0,8,16,2018,0,43.833333333333336,69.37333333333333,55.0,70.83333333333334,8
CSE_0832,2026-01-01 00:00:00+00:00,7.26,24,89,93,85,80,30,88.04,14,22.0,59,2,4,4,1,75,2023,3,66.83333333333333,56.34666666666667,32.5,20.083333333333332,3
CSE_0833,2026-01-01 00:00:00+00:00,5.7,35,61,5,37,96,63,83.56,59,20.0,85,0,6,5,4,88,2023,3,49.5,62.85333333333333,45.0,32.5,3
CSE_0834,2026-01-01 00:00:00+00:00,5.88,74,32,92,30,74,24,35.76,94,26.0,97,6,3,2,0,55,2023,2,54.333333333333336,52.919999999999995,27.5,22.75,3
CSE_0835,2026-01-01 00:00:00+00:00,7.49,50,84,7,77,91,37,42.44,41,62.0,18,14,12,2,3,16,2023,3,57.666666666666664,40.81333333333333,73.5,78.91666666666666,3
CSE_0836,2026-01-01 00:00:00+00:00,7.09,14,34,43,23,95,13,67.84,42,88.0,83,5,12,1,1,73,2021,1,37.0,79.61333333333333,46.5,50.416666666666664,5
CSE_0837,2026-01-01 00:00:00+00:00,9.57,67,51,32,48,64,7,75.76,79,20.0,55,9,10,0,7,91,2024,4,44.833333333333336,50.25333333333333,60.5,76.41666666666667,2
CSE_0838,2026-01-01 00:00:00+00:00,6.81,20,33,80,95,46,90,40.72,73,94.0,13,15,10,1,3,81,2024,0,60.666666666666664,49.24,66.5,75.41666666666667,2
CSE_0839,2026-01-01 00:00:00+00:00,7.9,12,40,74,99,91,53,94.24,48,28.0,32,3,0,3,4,17,2021,2,61.5,51.413333333333334,28.0,22.0,5
CSE_0840,2026-01-01 00:00:00+00:00,8.16,85,50,76,31,52,1,35.64,63,88.0,9,5,5,4,3,44,2018,3,49.166666666666664,44.21333333333333,46.0,37.5,8
CSE_0841,2026-01-01 00:00:00+00:00,5.07,18,46,49,54,70,80,37.04,31,58.0,79,5,1,1,4,95,2021,4,52.833333333333336,58.01333333333333,26.5,29.583333333333332,5
CSE_0842,2026-01-01 00:00:00+00:00,8.32,33,81,10,78,1,100,35.16,63,72.0,63,12,11,0,4,77,2018,1,50.5,56.72,61.5,75.08333333333333,8
CSE_0843,2026-01-01 00:00:00+00:00,5.89,77,57,94,57,23,77,82.44,1,60.0,63,15,2,3,4,55,2022,3,64.16666666666667,68.48,57.0,55.833333333333336,4
CSE_0844,2026-01-01 00:00:00+00:00,9.81,67,74,27,98,3,88,71.28,23,58.0,61,3,3,2,2,79,2024,3,59.5,63.42666666666667,26.5,23.25,2
CSE_0845,2026-01-01 00:00:00+00:00,5.74,51,56,69,2,18,55,87.8,86,86.0,67,13,5,3,6,49,2019,0,41.833333333333336,80.26666666666667,65.5,67.41666666666667,7
CSE_0846,2026-01-01 00:00:00+00:00,7.07,26,22,40,79,25,93,68.6,65,80.0,90,12,5,5,2,57,2020,1,47.5,79.53333333333333,61.5,50.083333333333336,6
CSE_0847,2026-01-01 00:00:00+00:00,5.43,28,47,15,68,74,92,51.4,37,58.0,91,5,6,1,1,17,2024,1,54.0,66.8,31.5,32.916666666666664,2
CSE_0848,2026-01-01 00:00:00+00:00,9.98,27,21,67,84,39,83,59.72,30,28.0,42,9,4,0,2,79,2021,2,53.5,43.24,33.0,40.166666666666664,5
CSE_0849,2026-01-01 00:00:00+00:00,7.51,34,16,98,9,49,84,32.96,25,30.0,79,10,6,1,2,80,2021,0,48.333333333333336,47.32,44.0,48.33333333333333,5
CSE_0850,2026-01-01 00:00:00+00:00,7.98,7,68,47,82,42,60,38.2,28,84.0,58,7,1,2,7,6,2022,2,51.0,60.06666666666666,42.0,45.5,4
CSE_0851,2026-01-01 00:00:00+00:00,5.34,15,10,55,24,74,21,93.6,66,62.0,51,12,0,2,3,75,2021,0,33.166666666666664,68.86666666666666,39.5,39.25,5
CSE_0852,2026-01-01 00:00:00+00:00,8.75,35,93,63,67,66,34,57.24,77,58.0,96,2,11,0,2,97,2018,1,59.666666666666664,70.41333333333334,36.5,44.24999999999999,8
CSE_0853,2026-01-01 00:00:00+00:00,6.05,29,14,58,60,11,100,94.12,24,74.0,18,3,9,5,4,9,2018,0,45.333333333333336,62.04,58.5,48.25,8
CSE_0854,2026-01-01 00:00:00+00:00,9.49,17,90,89,28,66,15,75.2,47,88.0,20,9,7,4,3,68,2019,0,50.833333333333336,61.06666666666666,59.0,52.66666666666667,7
CSE_0855,2026-01-01 00:00:00+00:00,6.03,1,34,61,18,26,49,32.72,64,70.0,21,12,0,3,8,84,2019,0,31.5,41.24,56.0,58.0,7
CSE_0856,2026-01-01 00:00:00+00:00,5.95,48,32,75,42,53,42,88.28,52,82.0,8,11,11,3,7,2,2024,4,48.666666666666664,59.42666666666667,79.0,84.0,2
CSE_0857,2026-01-01 00:00:00+00:00,5.18,76,83,10,65,65,16,80.64,66,82.0,8,13,1,2,6,82,2019,4,52.5,56.879999999999995,51.5,55.75,7
CSE_0858,2026-01-01 00:00:00+00:00,7.36,3,15,100,73,48,79,41.44,89,48.0,72,14,10,1,7,43,2018,1,53.0,53.81333333333333,74.5,88.08333333333333,8
CSE_0859,2026-01-01 00:00:00+00:00,7.82,89,33,88,60,15,57,88.4,17,42.0,26,0,11,1,4,98,2023,0,57.0,52.13333333333333,41.5,47.08333333333333,3
CSE_0860,2026-01-01 00:00:00+00:00,5.33,88,65,17,42,1,1,89.96,8,84.0,16,3,9,5,3,69,2023,1,35.666666666666664,63.31999999999999,56.0,44.5,3
CSE_0861,2026-01-01 00:00:00+00:00,8.88,93,98,18,24,59,3,43.04,37,50.0,43,10,5,4,6,13,2019,4,49.166666666666664,45.346666666666664,63.5,60.416666666666664,7
CSE_0862,2026-01-01 00:00:00+00:00,7.27,74,39,86,19,53,84,82.0,86,92.0,44,9,0,1,0,3,2019,0,59.166666666666664,72.66666666666667,22.0,21.0,7
CSE_0863,2026-01-01 00:00:00+00:00,7.62,6,27,54,47,29,38,61.76,20,26.0,7,9,9,3,5,17,2018,2,33.5,31.586666666666662,65.0,66.0,8
CSE_0864,2026-01-01 00:00:00+00:00,7.2,94,46,81,82,83,97,54.04,64,24.0,79,11,2,1,7,92,2022,4,80.5,52.346666666666664,48.5,57.75,4
CSE_0865,2026-01-01 00:00:00+00:00,7.0,73,38,25,86,37,93,85.84,20,94.0,17,13,6,4,6,98,2024,4,58.666666666666664,65.61333333333333,72.0,70.33333333333334,2
CSE_0866,2026-01-01 00:00:00+00:00,7.8,38,69,5,23,27,5,79.04,26,72.0,32,8,11,3,1,51,2021,4,27.833333333333332,61.01333333333334,58.0,54.5,5
CSE_0867,2026-01-01 00:00:00+00:00,5.78,12,72,3,10,24,80,57.52,69,50.0,0,7,7,1,6,37,2024,0,33.5,35.84,50.5,59.25,2
CSE_0868,2026-01-01 00:00:00+00:00,5.91,30,19,28,97,95,88,41.44,43,80.0,75,10,3,3,5,79,2020,3,59.5,65.48,52.0,50.83333333333333,6
CSE_0869,2026-01-01 00:00:00+00:00,9.31,70,0,58,54,9,68,71.88,99,74.0,5,3,11,2,4,19,2023,2,43.166666666666664,50.29333333333333,51.5,54.08333333333333,3
CSE_0870,2026-01-01 00:00:00+00:00,9.73,62,71,97,27,59,68,34.16,27,62.0,40,11,2,2,3,87,2023,2,64.0,45.38666666666666,42.5,42.75,3
CSE_0871,2026-01-01 00:00:00+00:00,6.87,55,86,16,68,41,19,90.36,44,28.0,54,6,0,5,0,98,2018,1,47.5,57.45333333333334,32.0,14.0,8
CSE_0872,2026-01-01 00:00:00+00:00,6.35,41,62,42,62,39,63,59.32,16,84.0,4,9,11,2,1,43,2024,0,51.5,49.10666666666666,56.0,56.83333333333333,2
CSE_0873,2026-01-01 00:00:00+00:00,8.22,60,66,79,58,96,15,36.32,39,90.0,58,2,8,1,6,50,2018,4,62.333333333333336,61.44,43.0,50.5,8
CSE_0874,2026-01-01 00:00:00+00:00,7.04,41,3,65,4,76,50,80.28,2,34.0,79,8,9,4,2,18,2020,3,39.833333333333336,64.42666666666666,59.5,52.41666666666667,6
CSE_0875,2026-01-01 00:00:00+00:00,5.13,55,57,33,50,41,36,87.64,75,88.0,17,9,5,3,4,67,2024,0,45.333333333333336,64.21333333333332,52.5,50.583333333333336,2
CSE_0876,2026-01-01 00:00:00+00:00,5.78,35,24,7,20,46,72,80.84,75,90.0,48,3,5,0,7,96,2020,0,34.0,72.94666666666667,36.0,47.833333333333336,6
CSE_0877,2026-01-01 00:00:00+00:00,8.58,83,46,12,11,36,68,87.76,65,64.0,81,1,8,2,7,65,2019,3,42.666666666666664,77.58666666666666,47.5,51.916666666666664,7
CSE_0878,2026-01-01 00:00:00+00:00,8.29,67,37,7,49,79,41,46.88,45,72.0,64,9,0,2,5,12,2024,4,46.666666666666664,60.96,38.5,39.75,2
CSE_0879,2026-01-01 00:00:00+00:00,5.14,6,14,93,3,21,56,70.88,85,50.0,82,4,5,0,4,61,2020,0,32.166666666666664,67.62666666666667,30.5,38.91666666666667,6
CSE_0880,2026-01-01 00:00:00+00:00,6.11,53,62,95,41,56,65,92.8,86,42.0,53,1,11,0,1,60,2021,2,62.0,62.6,32.0,38.166666666666664,5
CSE_0881,2026-01-01 00:00:00+00:00,6.16,0,20,99,83,83,8,40.0,29,78.0,60,13,4,1,8,29,2021,2,48.833333333333336,59.333333333333336,60.0,72.0,5
CSE_0882,2026-01-01 00:00:00+00:00,8.36,43,98,93,37,26,99,65.92,68,88.0,7,9,12,3,0,97,2023,3,66.0,53.64000000000001,60.0,56.0,3
CSE_0883,2026-01-01 00:00:00+00:00,5.1,44,56,64,24,40,85,52.32,8,72.0,2,15,10,2,1,29,2021,4,52.166666666666664,42.10666666666666,65.5,67.91666666666667,5
CSE_0884,2026-01-01 00:00:00+00:00,5.52,46,52,42,13,79,63,85.8,84,60.0,24,5,5,4,0,50,2024,3,49.166666666666664,56.6,38.5,26.25,2
CSE_0885,2026-01-01 00:00:00+00:00,9.0,12,45,38,74,33,85,42.96,10,32.0,68,10,10,1,3,87,2021,0,47.833333333333336,47.653333333333336,56.5,63.75,5
CSE_0886,2026-01-01 00:00:00+00:00,5.89,21,13,80,31,31,21,40.4,68,24.0,54,9,7,1,3,47,2021,2,32.833333333333336,39.46666666666667,47.0,52.66666666666667,5
CSE_0887,2026-01-01 00:00:00+00:00,8.26,20,99,58,10,89,33,52.12,98,56.0,39,0,4,4,4,32,2019,1,51.5,49.04,36.0,26.666666666666664,7
CSE_0888,2026-01-01 00:00:00+00:00,6.19,85,75,83,60,88,54,77.64,90,24.0,82,13,1,4,4,73,2023,3,74.16666666666667,61.21333333333333,54.5,48.25,3
CSE_0889,2026-01-01 00:00:00+00:00,5.5,91,16,87,17,65,28,60.08,65,66.0,81,5,11,5,7,81,2018,1,50.666666666666664,69.02666666666666,75.0,70.0,8
CSE_0890,2026-01-01 00:00:00+00:00,6.22,8,38,85,26,11,37,95.08,87,50.0,49,3,11,4,2,18,2023,1,34.166666666666664,64.69333333333333,54.5,46.58333333333333,3
CSE_0891,2026-01-01 00:00:00+00:00,8.61,25,8,92,54,39,96,33.64,30,80.0,94,2,1,0,5,70,2023,2,52.333333333333336,69.21333333333332,19.0,26.333333333333336,3
CSE_0892,2026-01-01 00:00:00+00:00,9.28,8,98,85,53,72,17,44.56,32,44.0,32,1,9,2,2,56,2023,3,55.5,40.18666666666667,37.5,36.08333333333333,3
CSE_0893,2026-01-01 00:00:00+00:00,9.15,14,76,43,81,75,70,63.48,38,68.0,17,6,4,5,1,18,2020,1,59.833333333333336,49.49333333333333,44.5,29.416666666666664,6
CSE_0894,2026-01-01 00:00:00+00:00,6.99,9,78,8,86,89,64,45.12,93,64.0,56,8,2,0,7,87,2018,0,55.666666666666664,55.04,38.5,50.75,8
CSE_0895,2026-01-01 00:00:00+00:00,8.34,87,81,36,74,72,96,73.6,45,20.0,15,11,9,5,0,78,2020,4,74.33333333333333,36.199999999999996,64.5,51.916666666666664,6
CSE_0896,2026-01-01 00:00:00+00:00,6.02,41,96,73,20,9,0,43.28,36,26.0,79,2,2,2,8,40,2019,4,39.833333333333336,49.42666666666667,37.0,40.5,7
CSE_0897,2026-01-01 00:00:00+00:00,6.47,71,5,35,43,95,87,69.68,91,44.0,37,15,7,5,6,41,2019,2,56.0,50.22666666666667,82.5,77.91666666666667,7
CSE_0898,2026-01-01 00:00:00+00:00,9.48,23,90,100,4,97,3,42.28,59,90.0,40,5,6,0,3,86,2022,3,52.833333333333336,57.42666666666667,32.5,40.416666666666664,4
CSE_0899,2026-01-01 00:00:00+00:00,5.07,79,22,91,86,47,3,54.96,30,32.0,6,8,0,3,2,51,2022,3,54.666666666666664,30.986666666666668,33.0,26.166666666666668,4
CSE_0900,2026-01-01 00:00:00+00:00,5.43,48,58,27,40,19,81,54.92,10,76.0,77,15,11,2,5,3,2019,4,45.5,69.30666666666667,78.0,85.83333333333333,7
CSE_0901,2026-01-01 00:00:00+00:00,6.04,25,90,41,58,38,26,56.44,86,98.0,52,1,12,1,8,3,2019,0,46.333333333333336,68.81333333333333,56.0,67.33333333333334,7
CSE_0902,2026-01-01 00:00:00+00:00,5.13,90,97,42,88,59,42,73.68,1,84.0,62,6,11,2,8,4,2020,4,69.66666666666667,73.22666666666667,67.5,76.08333333333333,6
CSE_0903,2026-01-01 00:00:00+00:00,5.91,36,45,84,53,65,58,94.08,26,40.0,88,4,4,2,3,40,2019,4,56.833333333333336,74.02666666666666,33.5,32.25,7
CSE_0904,2026-01-01 00:00:00+00:00,7.92,67,37,87,73,64,31,65.44,98,92.0,31,4,8,2,4,86,2024,3,59.833333333333336,62.81333333333333,46.0,47.666666666666664,2
CSE_0905,2026-01-01 00:00:00+00:00,7.11,49,13,41,21,50,32,48.88,1,28.0,37,10,3,3,8,100,2018,1,34.333333333333336,37.96,59.5,62.08333333333333,8
CSE_0906,2026-01-01 00:00:00+00:00,9.46,23,99,65,82,35,27,91.56,100,58.0,21,6,0,0,1,60,2020,0,55.166666666666664,56.85333333333333,14.5,17.75,6
CSE_0907,2026-01-01 00:00:00+00:00,9.09,18,71,54,64,23,54,87.84,20,92.0,15,8,7,1,1,74,2019,3,47.333333333333336,64.94666666666667,40.0,42.833333333333336,7
CSE_0908,2026-01-01 00:00:00+00:00,6.71,99,61,71,63,26,99,62.28,57,72.0,51,3,4,0,4,54,2020,4,69.83333333333333,61.76,26.0,33.666666666666664,6
CSE_0909,2026-01-01 00:00:00+00:00,6.3,59,34,47,70,1,59,62.48,4,54.0,28,8,1,5,0,74,2020,1,45.0,48.16,38.5,21.583333333333336,6
CSE_0910,2026-01-01 00:00:00+00:00,6.9,38,18,90,3,30,69,76.16,51,44.0,15,14,11,5,7,12,2021,0,41.333333333333336,45.053333333333335,93.0,91.0,5
CSE_0911,2026-01-01 00:00:00+00:00,7.95,73,29,21,64,56,61,94.96,44,50.0,75,15,0,5,4,13,2022,2,50.666666666666664,73.32,60.0,50.0,4
CSE_0912,2026-01-01 00:00:00+00:00,6.34,88,77,100,14,77,79,94.84,84,60.0,16,13,11,0,1,59,2020,0,72.5,56.946666666666665,56.0,66.16666666666666,6
CSE_0913,2026-01-01 00:00:00+00:00,8.12,17,83,26,75,65,33,48.92,92,46.0,100,12,11,4,8,71,2023,0,49.833333333333336,64.97333333333334,87.5,90.08333333333333,3
CSE_0914,2026-01-01 00:00:00+00:00,7.05,18,24,92,21,28,86,49.12,19,98.0,63,10,11,3,1,24,2024,4,44.833333333333336,70.04,62.0,59.16666666666666,2
CSE_0915,2026-01-01 00:00:00+00:00,7.76,35,39,66,85,14,87,88.44,60,94.0,90,9,2,4,6,81,2024,4,54.333333333333336,90.81333333333333,54.0,49.33333333333333,2
CSE_0916,2026-01-01 00:00:00+00:00,7.18,73,87,12,46,11,55,40.12,37,90.0,88,8,8,5,7,43,2020,2,47.333333333333336,72.70666666666666,73.5,68.25,6
CSE_0917,2026-01-01 00:00:00+00:00,6.47,96,13,44,80,100,12,39.8,19,54.0,12,12,0,3,5,81,2023,2,57.5,35.266666666666666,48.5,46.75,3
CSE_0918,2026-01-01 00:00:00+00:00,9.74,54,25,9,92,27,55,61.08,24,76.0,71,3,3,0,6,9,2024,2,43.666666666666664,69.36,28.5,38.25,2
CSE_0919,2026-01-01 00:00:00+00:00,8.82,68,86,99,45,83,17,43.36,1,92.0,55,2,7,5,0,70,2021,3,66.33333333333333,63.45333333333334,41.5,25.083333333333336,5
CSE_0920,2026-01-01 00:00:00+00:00,5.7,46,21,8,13,23,53,39.8,31,88.0,4,1,7,0,3,49,2019,3,27.333333333333332,43.93333333333334,27.0,34.0,7
CSE_0921,2026-01-01 00:00:00+00:00,9.34,48,47,53,49,20,76,44.24,25,54.0,11,8,9,3,6,43,2020,4,48.833333333333336,36.413333333333334,65.5,67.41666666666667,6
CSE_0922,2026-01-01 00:00:00+00:00,7.44,98,82,26,19,9,100,32.52,69,28.0,40,11,11,0,0,13,2021,4,55.666666666666664,33.50666666666667,49.5,57.74999999999999,5
CSE_0923,2026-01-01 00:00:00+00:00,9.47,97,50,33,49,77,42,78.76,40,26.0,2,1,10,0,0,14,2018,2,58.0,35.586666666666666,27.0,31.5,8
CSE_0924,2026-01-01 00:00:00+00:00,9.0,32,2,0,32,100,38,75.2,66,66.0,98,5,12,1,5,15,2021,3,34.0,79.73333333333333,56.5,65.41666666666666,5
CSE_0925,2026-01-01 00:00:00+00:00,7.13,20,41,31,58,17,60,60.88,96,72.0,32,4,10,4,3,1,2022,1,37.833333333333336,54.96,56.5,49.75,4
CSE_0926,2026-01-01 00:00:00+00:00,5.11,80,18,88,42,87,41,63.16,0,88.0,85,13,7,4,2,29,2022,3,59.333333333333336,78.72,64.5,58.25,4
CSE_0927,2026-01-01 00:00:00+00:00,6.34,21,72,92,78,13,80,81.32,50,44.0,49,4,9,4,4,29,2019,4,59.333333333333336,58.10666666666666,56.5,50.583333333333336,7
CSE_0928,2026-01-01 00:00:00+00:00,7.71,47,27,70,11,33,78,53.12,4,34.0,55,3,7,2,8,81,2023,3,44.333333333333336,47.373333333333335,51.5,57.41666666666667,3
CSE_0929,2026-01-01 00:00:00+00:00,8.17,36,83,66,39,57,17,63.88,12,50.0,8,15,3,1,2,30,2019,4,49.666666666666664,40.626666666666665,46.5,51.25,7
CSE_0930,2026-01-01 00:00:00+00:00,6.29,14,44,83,19,75,22,45.72,18,48.0,81,5,7,5,4,76,2024,2,42.833333333333336,58.24,57.5,47.083333333333336,2
CSE_0931,2026-01-01 00:00:00+00:00,5.7,34,70,19,93,21,53,84.08,11,30.0,49,4,8,5,4,19,2023,2,48.333333333333336,54.35999999999999,58.0,47.666666666666664,3
CSE_0932,2026-01-01 00:00:00+00:00,9.17,91,77,93,37,69,29,40.32,47,74.0,28,10,6,5,8,48,2023,2,66.0,47.44,75.0,70.83333333333333,3
CSE_0933,2026-01-01 00:00:00+00:00,9.92,70,62,34,2,35,97,57.6,24,60.0,38,3,11,4,3,34,2023,1,50.0,51.86666666666667,57.0,50.33333333333333,3
CSE_0934,2026-01-01 00:00:00+00:00,7.63,31,72,98,27,44,57,86.32,56,78.0,90,12,1,4,0,22,2023,1,54.833333333333336,84.77333333333333,42.5,30.916666666666668,3
CSE_0935,2026-01-01 00:00:00+00:00,5.86,10,18,90,55,35,67,84.44,34,48.0,99,8,8,1,4,96,2022,4,45.833333333333336,77.14666666666666,50.0,57.0,4
CSE_0936,2026-01-01 00:00:00+00:00,6.36,9,46,89,89,21,66,42.04,75,46.0,44,12,10,0,0,98,2024,0,53.333333333333336,44.01333333333333,49.0,57.16666666666667,2
CSE_0937,2026-01-01 00:00:00+00:00,5.09,72,13,77,93,77,70,83.52,93,58.0,16,5,7,4,5,99,2022,1,67.0,52.50666666666666,56.0,50.833333333333336,4
CSE_0938,2026-01-01 00:00:00+00:00,9.57,77,37,16,12,79,17,42.8,4,90.0,55,10,12,5,6,60,2020,4,39.666666666666664,62.6,85.0,80.83333333333333,6
CSE_0939,2026-01-01 00:00:00+00:00,5.59,76,52,17,76,60,6,68.76,97,24.0,97,9,4,0,0,83,2024,3,47.833333333333336,63.25333333333333,28.0,32.666666666666664,2
CSE_0940,2026-01-01 00:00:00+00:00,7.88,56,60,44,65,99,39,48.72,21,84.0,45,15,11,4,3,54,2022,2,60.5,59.24,81.0,78.33333333333333,4
CSE_0941,2026-01-01 00:00:00+00:00,6.37,24,35,92,36,55,69,63.76,76,50.0,66,9,2,3,8,66,2019,2,51.833333333333336,59.919999999999995,55.0,56.83333333333333,7
CSE_0942,2026-01-01 00:00:00+00:00,7.77,1,39,83,48,88,85,81.36,56,88.0,68,12,6,2,0,7,2022,2,57.333333333333336,79.12,47.0,45.5,4
CSE_0943,2026-01-01 00:00:00+00:00,8.26,63,80,52,65,95,64,87.52,46,84.0,13,9,1,4,8,39,2024,4,69.83333333333333,61.50666666666666,56.5,53.91666666666667,2
CSE_0944,2026-01-01 00:00:00+00:00,9.15,34,29,90,35,32,67,75.96,53,48.0,66,12,12,3,7,58,2024,2,47.833333333333336,63.31999999999999,83.5,89.25,2
CSE_0945,2026-01-01 00:00:00+00:00,6.03,6,8,81,53,44,48,85.76,2,76.0,22,2,2,1,4,31,2019,1,40.0,61.25333333333333,23.0,25.5,7
CSE_0946,2026-01-01 00:00:00+00:00,5.05,84,63,67,25,35,51,60.96,52,32.0,93,9,11,3,5,92,2018,3,54.166666666666664,61.98666666666667,70.0,71.83333333333333,8
CSE_0947,2026-01-01 00:00:00+00:00,5.68,17,32,64,74,19,28,49.28,83,92.0,60,5,8,1,6,6,2024,2,39.0,67.09333333333333,49.0,57.5,2
CSE_0948,2026-01-01 00:00:00+00:00,9.5,66,51,0,71,17,20,36.32,30,52.0,22,13,3,4,3,1,2022,4,37.5,36.77333333333333,57.0,50.333333333333336,4
CSE_0949,2026-01-01 00:00:00+00:00,9.37,41,88,57,39,37,89,57.6,68,56.0,26,0,3,1,5,84,2019,3,58.5,46.53333333333333,24.0,27.5,7
CSE_0950,2026-01-01 00:00:00+00:00,7.99,38,13,25,42,66,77,93.8,87,76.0,53,4,2,3,6,5,2023,2,43.5,74.26666666666667,40.0,37.66666666666667,3
CSE_0951,2026-01-01 00:00:00+00:00,8.0,40,74,19,21,22,8,74.8,32,86.0,9,9,4,2,5,91,2024,0,30.666666666666668,56.6,48.5,51.416666666666664,2
CSE_0952,2026-01-01 00:00:00+00:00,8.33,74,52,86,19,95,46,47.12,71,38.0,88,5,2,0,5,35,2021,2,62.0,57.70666666666667,27.5,36.25,5
CSE_0953,2026-01-01 00:00:00+00:00,5.88,23,98,9,7,15,75,76.76,87,72.0,76,14,8,0,1,31,2023,1,37.833333333333336,74.92,50.5,59.75,3
CSE_0954,2026-01-01 00:00:00+00:00,9.57,59,58,58,28,58,41,70.28,49,52.0,15,10,2,2,4,44,2020,3,50.333333333333336,45.76,43.0,44.166666666666664,6
CSE_0955,2026-01-01 00:00:00+00:00,7.09,45,77,74,39,68,50,36.08,83,50.0,40,7,1,5,2,41,2024,1,58.833333333333336,42.026666666666664,41.5,26.75,2
CSE_0956,2026-01-01 00:00:00+00:00,6.92,18,93,40,89,67,55,67.64,15,76.0,97,10,11,0,6,52,2019,0,60.333333333333336,80.21333333333332,62.5,77.91666666666666,7
CSE_0957,2026-01-01 00:00:00+00:00,7.59,67,40,4,29,20,50,66.12,75,50.0,54,14,4,4,3,8,2023,0,35.0,56.70666666666667,61.5,55.58333333333333,3
CSE_0958,2026-01-01 00:00:00+00:00,5.23,89,67,64,80,77,69,78.76,76,48.0,100,14,5,5,0,74,2022,1,74.33333333333333,75.58666666666666,60.5,47.25,4
CSE_0959,2026-01-01 00:00:00+00:00,5.83,41,67,16,83,94,19,74.0,38,86.0,60,8,0,4,5,86,2022,3,53.333333333333336,73.33333333333333,44.5,37.41666666666667,4
CSE_0960,2026-01-01 00:00:00+00:00,8.69,31,91,21,54,77,87,53.16,88,28.0,85,10,11,3,5,74,2024,0,60.166666666666664,55.38666666666666,72.0,74.16666666666666,2
CSE_0961,2026-01-01 00:00:00+00:00,5.41,38,7,97,15,69,26,59.12,45,74.0,80,2,10,3,6,48,2018,0,42.0,71.04,56.0,56.333333333333336,8
CSE_0962,2026-01-01 00:00:00+00:00,8.02,35,1,40,45,11,37,71.52,95,40.0,86,1,5,5,7,1,2021,2,28.166666666666668,65.83999999999999,52.0,43.16666666666667,5
CSE_0963,2026-01-01 00:00:00+00:00,6.23,100,85,92,61,15,71,76.2,87,22.0,99,12,9,5,2,66,2024,4,70.66666666666667,65.73333333333333,71.5,61.75,2
CSE_0964,2026-01-01 00:00:00+00:00,6.95,96,40,67,6,80,64,49.08,46,34.0,48,3,2,5,5,10,2019,0,58.833333333333336,43.69333333333333,43.5,31.583333333333332,7
CSE_0965,2026-01-01 00:00:00+00:00,6.44,35,54,68,79,86,53,64.84,43,68.0,72,7,3,5,1,49,2023,3,62.5,68.28,44.0,28.833333333333332,3
CSE_0966,2026-01-01 00:00:00+00:00,6.78,2,15,10,44,13,23,92.08,8,76.0,51,10,5,1,8,34,2021,3,17.833333333333332,73.02666666666666,56.5,67.91666666666666,5
CSE_0967,2026-01-01 00:00:00+00:00,8.6,72,92,55,58,60,46,79.4,86,22.0,1,15,7,5,1,14,2018,2,63.833333333333336,34.13333333333333,70.0,59.16666666666667,8
CSE_0968,2026-01-01 00:00:00+00:00,6.49,7,61,50,55,70,70,69.24,49,22.0,95,15,8,5,2,74,2024,3,52.166666666666664,62.080000000000005,75.0,65.83333333333333,2
CSE_0969,2026-01-01 00:00:00+00:00,7.83,96,47,20,47,45,82,89.0,76,92.0,49,7,5,3,1,30,2020,2,56.166666666666664,76.66666666666667,41.0,34.666666666666664,6
CSE_0970,2026-01-01 00:00:00+00:00,7.38,69,29,98,26,31,85,93.24,59,26.0,85,2,6,4,8,91,2021,0,56.333333333333336,68.08,55.0,52.16666666666667,5
CSE_0971,2026-01-01 00:00:00+00:00,8.32,40,11,75,52,14,62,74.44,95,92.0,42,3,4,3,0,61,2018,0,42.333333333333336,69.48,28.0,18.666666666666664,8
CSE_0972,2026-01-01 00:00:00+00:00,9.68,67,34,25,86,43,56,52.4,14,38.0,76,2,11,0,4,27,2024,0,51.833333333333336,55.46666666666667,41.5,51.74999999999999,2
CSE_0973,2026-01-01 00:00:00+00:00,8.66,12,10,18,87,16,54,47.68,35,80.0,7,9,8,1,0,95,2024,0,32.833333333333336,44.89333333333334,42.0,44.33333333333333,2
CSE_0974,2026-01-01 00:00:00+00:00,6.07,48,63,59,72,40,59,60.48,62,44.0,58,1,3,1,4,24,2019,4,56.833333333333336,54.16,23.5,26.083333333333336,7
CSE_0975,2026-01-01 00:00:00+00:00,5.16,59,49,70,34,53,98,51.72,68,88.0,64,3,9,4,7,83,2024,4,60.5,67.90666666666667,62.0,59.5,2
CSE_0976,2026-01-01 00:00:00+00:00,6.31,1,84,46,50,43,61,80.92,85,76.0,80,5,10,5,7,91,2020,0,47.5,78.97333333333334,72.5,67.08333333333334,6
CSE_0977,2026-01-01 00:00:00+00:00,7.98,59,20,70,83,97,29,83.12,79,52.0,11,10,5,3,7,24,2024,3,59.666666666666664,48.70666666666667,62.0,64.16666666666666,2
CSE_0978,2026-01-01 00:00:00+00:00,5.26,4,68,25,36,4,92,80.08,40,26.0,3,13,4,0,1,74,2022,2,38.166666666666664,36.36,38.5,45.75,4
CSE_0979,2026-01-01 00:00:00+00:00,7.48,43,47,39,80,26,21,53.84,73,78.0,76,15,0,3,7,82,2018,1,42.666666666666664,69.28,59.5,61.25,8
CSE_0980,2026-01-01 00:00:00+00:00,7.98,26,19,4,94,86,74,55.72,23,70.0,94,10,4,5,4,91,2022,2,50.5,73.24,60.0,50.0,4
CSE_0981,2026-01-01 00:00:00+00:00,6.67,31,100,20,56,77,83,47.52,81,20.0,40,4,12,5,0,0,2024,1,61.166666666666664,35.84,58.0,44.333333333333336,2
CSE_0982,2026-01-01 00:00:00+00:00,8.85,20,66,77,7,78,28,88.84,48,20.0,6,2,4,2,6,58,2020,1,46.0,38.28,37.0,38.83333333333333,6
CSE_0983,2026-01-01 00:00:00+00:00,5.53,7,43,3,78,42,40,38.28,17,84.0,86,1,8,3,5,68,2018,0,35.5,69.42666666666666,46.5,44.416666666666664,8
CSE_0984,2026-01-01 00:00:00+00:00,5.38,71,32,22,94,96,41,73.08,6,40.0,87,8,0,4,4,73,2018,1,59.333333333333336,66.69333333333333,42.0,33.66666666666667,8
CSE_0985,2026-01-01 00:00:00+00:00,8.64,49,72,83,93,30,97,38.64,3,70.0,68,14,4,3,0,41,2024,0,70.66666666666667,58.879999999999995,50.0,44.33333333333333,2
CSE_0986,2026-01-01 00:00:00+00:00,7.48,66,60,14,19,98,64,91.64,89,56.0,68,0,6,1,0,33,2020,4,53.5,71.88,19.0,17.5,6
CSE_0987,2026-01-01 00:00:00+00:00,8.44,43,8,92,52,16,30,70.36,68,90.0,80,8,10,0,5,99,2019,3,40.166666666666664,80.12,53.5,66.58333333333334,7
CSE_0988,2026-01-01 00:00:00+00:00,7.17,57,67,7,11,91,29,48.32,59,94.0,29,0,5,4,6,65,2018,1,43.666666666666664,57.10666666666666,43.5,37.083333333333336,8
CSE_0989,2026-01-01 00:00:00+00:00,6.23,2,34,40,48,82,17,89.4,54,100.0,72,14,5,2,0,17,2020,3,37.166666666666664,87.13333333333333,48.5,47.25,6
CSE_0990,2026-01-01 00:00:00+00:00,9.1,85,80,18,16,53,16,81.08,15,32.0,5,13,11,0,8,76,2021,0,44.666666666666664,39.36,73.5,92.41666666666666,5
CSE_0991,2026-01-01 00:00:00+00:00,9.0,69,97,45,63,61,37,39.72,98,90.0,88,6,6,0,3,4,2022,1,62.0,72.57333333333334,34.5,42.75,4
CSE_0992,2026-01-01 00:00:00+00:00,8.47,1,87,27,41,86,13,41.36,89,42.0,18,5,5,1,4,19,2018,2,42.5,33.78666666666667,36.5,41.25,8
CSE_0993,2026-01-01 00:00:00+00:00,6.36,86,95,90,93,31,86,60.68,81,68.0,79,6,4,1,1,65,2021,4,80.16666666666667,69.22666666666667,28.5,29.416666666666664,5
CSE_0994,2026-01-01 00:00:00+00:00,7.95,43,64,67,28,39,88,78.92,28,60.0,84,14,9,1,7,74,2018,4,54.833333333333336,74.30666666666667,72.0,85.16666666666666,8
CSE_0995,2026-01-01 00:00:00+00:00,6.8,1,7,14,18,12,78,79.28,22,22.0,65,2,4,4,1,61,2019,1,21.666666666666668,55.42666666666667,32.5,20.083333333333332,7
CSE_0996,2026-01-01 00:00:00+00:00,5.46,80,44,98,10,83,55,84.08,13,94.0,9,13,8,3,2,93,2024,4,61.666666666666664,62.35999999999999,63.0,61.16666666666667,2
CSE_0997,2026-01-01 00:00:00+00:00,9.59,34,86,36,97,34,21,64.6,78,26.0,15,2,7,0,8,95,2020,2,51.333333333333336,35.199999999999996,41.5,55.083333333333336,6
CSE_0998,2026-01-01 00:00:00+00:00,5.68,97,46,0,49,4,66,48.12,48,76.0,36,12,11,3,1,31,2018,3,43.666666666666664,53.373333333333335,66.0,63.83333333333333,8
CSE_0999,2026-01-01 00:00:00+00:00,9.75,86,39,66,70,72,55,67.68,32,82.0,78,10,9,3,5,57,2020,2,64.66666666666667,75.89333333333333,67.0,68.33333333333333,6
CSE_1000,2026-01-01 00:00:00+00:00,7.23,29,75,23,57,28,18,59.08,24,84.0,76,0,3,1,3,49,2023,4,38.333333333333336,73.02666666666666,19.0,20.0,3
